removed_stage,variant_id,operator_family,source_stratum,baseline_first_destination,outcome_without_stage,fate
schema_validation,V0047,F1,directed,schema_validation,single_artifact_validator,absorbed_by_later_layer
schema_validation,V0050,F1,directed,schema_validation,single_artifact_validator,absorbed_by_later_layer
schema_validation,V0046,F1,directed,schema_validation,single_artifact_validator,absorbed_by_later_layer
schema_validation,V0049,F1,directed,schema_validation,single_artifact_validator,absorbed_by_later_layer
schema_validation,V0048,F1,directed,single_artifact_validator,single_artifact_validator,other_stage_first_hit
schema_validation,V0052,F1,directed,approval_hash_binding,approval_hash_binding,other_stage_first_hit
schema_validation,V0045,F1,directed,approval_hash_binding,approval_hash_binding,other_stage_first_hit
schema_validation,V0051,F1,directed,approval_hash_binding,approval_hash_binding,other_stage_first_hit
schema_validation,V0055,F1,directed,schema_validation,single_artifact_validator,absorbed_by_later_layer
schema_validation,V0058,F1,directed,schema_validation,single_artifact_validator,absorbed_by_later_layer
schema_validation,V0054,F1,directed,schema_validation,single_artifact_validator,absorbed_by_later_layer
schema_validation,V0057,F1,directed,schema_validation,single_artifact_validator,absorbed_by_later_layer
schema_validation,V0056,F1,directed,single_artifact_validator,single_artifact_validator,other_stage_first_hit
schema_validation,V0060,F1,directed,approval_hash_binding,approval_hash_binding,other_stage_first_hit
schema_validation,V0053,F1,directed,approval_hash_binding,approval_hash_binding,other_stage_first_hit
schema_validation,V0059,F1,directed,approval_hash_binding,approval_hash_binding,other_stage_first_hit
schema_validation,V0039,F1,directed,schema_validation,single_artifact_validator,absorbed_by_later_layer
schema_validation,V0042,F1,directed,schema_validation,single_artifact_validator,absorbed_by_later_layer
schema_validation,V0038,F1,directed,schema_validation,single_artifact_validator,absorbed_by_later_layer
schema_validation,V0041,F1,directed,schema_validation,single_artifact_validator,absorbed_by_later_layer
schema_validation,V0040,F1,directed,single_artifact_validator,single_artifact_validator,other_stage_first_hit
schema_validation,V0036,F1,directed,approval_hash_binding,approval_hash_binding,other_stage_first_hit
schema_validation,V0037,F1,directed,approval_hash_binding,approval_hash_binding,other_stage_first_hit
schema_validation,V0044,F1,directed,approval_hash_binding,approval_hash_binding,other_stage_first_hit
schema_validation,V0035,F1,directed,approval_hash_binding,approval_hash_binding,other_stage_first_hit
schema_validation,V0043,F1,directed,approval_hash_binding,approval_hash_binding,other_stage_first_hit
schema_validation,V0009,F1,directed,schema_validation,single_artifact_validator,absorbed_by_later_layer
schema_validation,V0012,F1,directed,schema_validation,single_artifact_validator,absorbed_by_later_layer
schema_validation,V0008,F1,directed,schema_validation,single_artifact_validator,absorbed_by_later_layer
schema_validation,V0011,F1,directed,schema_validation,single_artifact_validator,absorbed_by_later_layer
schema_validation,V0010,F1,directed,single_artifact_validator,single_artifact_validator,other_stage_first_hit
schema_validation,V0006,F1,directed,escape,escape,baseline_escape
schema_validation,V0007,F1,directed,escape,escape,baseline_escape
schema_validation,V0014,F1,directed,escape,escape,baseline_escape
schema_validation,V0005,F1,directed,escape,escape,baseline_escape
schema_validation,V0013,F1,directed,escape,escape,baseline_escape
schema_validation,V0002,F1,directed,schema_validation,single_artifact_validator,absorbed_by_later_layer
schema_validation,V0004,F1,directed,schema_validation,single_artifact_validator,absorbed_by_later_layer
schema_validation,V0001,F1,directed,schema_validation,single_artifact_validator,absorbed_by_later_layer
schema_validation,V0003,F1,directed,schema_validation,single_artifact_validator,absorbed_by_later_layer
schema_validation,V0031,F1,fuzz,schema_validation,single_artifact_validator,absorbed_by_later_layer
schema_validation,V0026,F1,fuzz,schema_validation,single_artifact_validator,absorbed_by_later_layer
schema_validation,V0019,F1,fuzz,schema_validation,single_artifact_validator,absorbed_by_later_layer
schema_validation,V0015,F1,fuzz,schema_validation,single_artifact_validator,absorbed_by_later_layer
schema_validation,V0032,F1,fuzz,schema_validation,single_artifact_validator,absorbed_by_later_layer
schema_validation,V0033,F1,fuzz,schema_validation,single_artifact_validator,absorbed_by_later_layer
schema_validation,V0020,F1,fuzz,schema_validation,single_artifact_validator,absorbed_by_later_layer
schema_validation,V0021,F1,fuzz,schema_validation,single_artifact_validator,absorbed_by_later_layer
schema_validation,V0016,F1,fuzz,schema_validation,single_artifact_validator,absorbed_by_later_layer
schema_validation,V0027,F1,fuzz,schema_validation,downstream_crash,downstream_crash
schema_validation,V0028,F1,fuzz,schema_validation,downstream_crash,downstream_crash
schema_validation,V0017,F1,fuzz,schema_validation,single_artifact_validator,absorbed_by_later_layer
schema_validation,V0029,F1,fuzz,schema_validation,single_artifact_validator,absorbed_by_later_layer
schema_validation,V0024,F1,fuzz,escape,escape,baseline_escape
schema_validation,V0022,F1,fuzz,schema_validation,single_artifact_validator,absorbed_by_later_layer
schema_validation,V0030,F1,fuzz,schema_validation,single_artifact_validator,absorbed_by_later_layer
schema_validation,V0023,F1,fuzz,schema_validation,single_artifact_validator,absorbed_by_later_layer
schema_validation,V0018,F1,fuzz,schema_validation,single_artifact_validator,absorbed_by_later_layer
schema_validation,V0034,F1,fuzz,schema_validation,single_artifact_validator,absorbed_by_later_layer
schema_validation,V0025,F1,fuzz,escape,escape,baseline_escape
schema_validation,V0068,F2,directed,cross_artifact_preflight,cross_artifact_preflight,other_stage_first_hit
schema_validation,V0070,F2,directed,cross_artifact_preflight,cross_artifact_preflight,other_stage_first_hit
schema_validation,V0069,F2,directed,cross_artifact_preflight,cross_artifact_preflight,other_stage_first_hit
schema_validation,V0062,F2,directed,cross_artifact_preflight,cross_artifact_preflight,other_stage_first_hit
schema_validation,V0061,F2,directed,cross_artifact_preflight,cross_artifact_preflight,other_stage_first_hit
schema_validation,V0066,F2,directed,single_artifact_validator,single_artifact_validator,other_stage_first_hit
schema_validation,V0067,F2,directed,single_artifact_validator,single_artifact_validator,other_stage_first_hit
schema_validation,V0063,F2,directed,cross_artifact_preflight,cross_artifact_preflight,other_stage_first_hit
schema_validation,V0064,F2,directed,cross_artifact_preflight,cross_artifact_preflight,other_stage_first_hit
schema_validation,V0109,F2,directed,schema_validation,single_artifact_validator,absorbed_by_later_layer
schema_validation,V0110,F2,directed,schema_validation,single_artifact_validator,absorbed_by_later_layer
schema_validation,V0071,F2,directed,schema_validation,single_artifact_validator,absorbed_by_later_layer
schema_validation,V0065,F2,directed,schema_validation,single_artifact_validator,absorbed_by_later_layer
schema_validation,V0118,F2,directed,approval_hash_binding,approval_hash_binding,other_stage_first_hit
schema_validation,V0119,F2,directed,approval_hash_binding,approval_hash_binding,other_stage_first_hit
schema_validation,V0117,F2,directed,approval_hash_binding,approval_hash_binding,other_stage_first_hit
schema_validation,V0120,F2,directed,approval_hash_binding,approval_hash_binding,other_stage_first_hit
schema_validation,V0116,F2,directed,approval_hash_binding,approval_hash_binding,other_stage_first_hit
schema_validation,V0115,F2,directed,approval_hash_binding,approval_hash_binding,other_stage_first_hit
schema_validation,V0112,F2,directed,approval_hash_binding,approval_hash_binding,other_stage_first_hit
schema_validation,V0111,F2,directed,approval_hash_binding,approval_hash_binding,other_stage_first_hit
schema_validation,V0114,F2,directed,approval_hash_binding,approval_hash_binding,other_stage_first_hit
schema_validation,V0113,F2,directed,approval_hash_binding,approval_hash_binding,other_stage_first_hit
schema_validation,V0103,F2,fuzz,schema_validation,single_artifact_validator,absorbed_by_later_layer
schema_validation,V0085,F2,fuzz,schema_validation,single_artifact_validator,absorbed_by_later_layer
schema_validation,V0072,F2,fuzz,schema_validation,single_artifact_validator,absorbed_by_later_layer
schema_validation,V0079,F2,fuzz,escape,escape,baseline_escape
schema_validation,V0080,F2,fuzz,schema_validation,single_artifact_validator,absorbed_by_later_layer
schema_validation,V0104,F2,fuzz,schema_validation,single_artifact_validator,absorbed_by_later_layer
schema_validation,V0073,F2,fuzz,schema_validation,single_artifact_validator,absorbed_by_later_layer
schema_validation,V0093,F2,fuzz,schema_validation,single_artifact_validator,absorbed_by_later_layer
schema_validation,V0074,F2,fuzz,schema_validation,single_artifact_validator,absorbed_by_later_layer
schema_validation,V0086,F2,fuzz,schema_validation,single_artifact_validator,absorbed_by_later_layer
schema_validation,V0094,F2,fuzz,schema_validation,single_artifact_validator,absorbed_by_later_layer
schema_validation,V0095,F2,fuzz,schema_validation,single_artifact_validator,absorbed_by_later_layer
schema_validation,V0105,F2,fuzz,schema_validation,single_artifact_validator,absorbed_by_later_layer
schema_validation,V0087,F2,fuzz,schema_validation,single_artifact_validator,absorbed_by_later_layer
schema_validation,V0081,F2,fuzz,schema_validation,single_artifact_validator,absorbed_by_later_layer
schema_validation,V0106,F2,fuzz,schema_validation,single_artifact_validator,absorbed_by_later_layer
schema_validation,V0088,F2,fuzz,schema_validation,single_artifact_validator,absorbed_by_later_layer
schema_validation,V0089,F2,fuzz,schema_validation,single_artifact_validator,absorbed_by_later_layer
schema_validation,V0099,F2,fuzz,schema_validation,single_artifact_validator,absorbed_by_later_layer
schema_validation,V0096,F2,fuzz,schema_validation,single_artifact_validator,absorbed_by_later_layer
schema_validation,V0100,F2,fuzz,schema_validation,single_artifact_validator,absorbed_by_later_layer
schema_validation,V0107,F2,fuzz,schema_validation,single_artifact_validator,absorbed_by_later_layer
schema_validation,V0075,F2,fuzz,approval_hash_binding,approval_hash_binding,other_stage_first_hit
schema_validation,V0076,F2,fuzz,schema_validation,single_artifact_validator,absorbed_by_later_layer
schema_validation,V0097,F2,fuzz,schema_validation,single_artifact_validator,absorbed_by_later_layer
schema_validation,V0082,F2,fuzz,schema_validation,single_artifact_validator,absorbed_by_later_layer
schema_validation,V0090,F2,fuzz,schema_validation,single_artifact_validator,absorbed_by_later_layer
schema_validation,V0083,F2,fuzz,schema_validation,single_artifact_validator,absorbed_by_later_layer
schema_validation,V0098,F2,fuzz,schema_validation,single_artifact_validator,absorbed_by_later_layer
schema_validation,V0091,F2,fuzz,schema_validation,single_artifact_validator,absorbed_by_later_layer
schema_validation,V0077,F2,fuzz,schema_validation,single_artifact_validator,absorbed_by_later_layer
schema_validation,V0108,F2,fuzz,schema_validation,single_artifact_validator,absorbed_by_later_layer
schema_validation,V0092,F2,fuzz,schema_validation,single_artifact_validator,absorbed_by_later_layer
schema_validation,V0084,F2,fuzz,schema_validation,single_artifact_validator,absorbed_by_later_layer
schema_validation,V0078,F2,fuzz,schema_validation,single_artifact_validator,absorbed_by_later_layer
schema_validation,V0101,F2,fuzz,schema_validation,single_artifact_validator,absorbed_by_later_layer
schema_validation,V0102,F2,fuzz,schema_validation,single_artifact_validator,absorbed_by_later_layer
schema_validation,V0121,F3,directed,approval_hash_binding,approval_hash_binding,other_stage_first_hit
schema_validation,V0122,F3,directed,single_artifact_validator,single_artifact_validator,other_stage_first_hit
schema_validation,V0123,F3,directed,approval_hash_binding,approval_hash_binding,other_stage_first_hit
schema_validation,V0180,F3,directed,approval_hash_binding,approval_hash_binding,other_stage_first_hit
schema_validation,V0127,F3,directed,schema_validation,single_artifact_validator,absorbed_by_later_layer
schema_validation,V0126,F3,directed,approval_hash_binding,approval_hash_binding,other_stage_first_hit
schema_validation,V0125,F3,directed,approval_hash_binding,approval_hash_binding,other_stage_first_hit
schema_validation,V0124,F3,directed,approval_hash_binding,approval_hash_binding,other_stage_first_hit
schema_validation,V0173,F3,directed,approval_hash_binding,approval_hash_binding,other_stage_first_hit
schema_validation,V0172,F3,directed,approval_hash_binding,approval_hash_binding,other_stage_first_hit
schema_validation,V0171,F3,directed,approval_hash_binding,approval_hash_binding,other_stage_first_hit
schema_validation,V0175,F3,directed,approval_hash_binding,approval_hash_binding,other_stage_first_hit
schema_validation,V0174,F3,directed,approval_hash_binding,approval_hash_binding,other_stage_first_hit
schema_validation,V0170,F3,directed,single_artifact_validator,single_artifact_validator,other_stage_first_hit
schema_validation,V0179,F3,directed,orchestrator_revalidation,orchestrator_revalidation,other_stage_first_hit
schema_validation,V0178,F3,directed,orchestrator_revalidation,orchestrator_revalidation,other_stage_first_hit
schema_validation,V0177,F3,directed,orchestrator_revalidation,orchestrator_revalidation,other_stage_first_hit
schema_validation,V0176,F3,directed,orchestrator_revalidation,orchestrator_revalidation,other_stage_first_hit
schema_validation,V0160,F3,fuzz,schema_validation,single_artifact_validator,absorbed_by_later_layer
schema_validation,V0146,F3,fuzz,schema_validation,single_artifact_validator,absorbed_by_later_layer
schema_validation,V0137,F3,fuzz,schema_validation,single_artifact_validator,absorbed_by_later_layer
schema_validation,V0128,F3,fuzz,schema_validation,single_artifact_validator,absorbed_by_later_layer
schema_validation,V0147,F3,fuzz,schema_validation,single_artifact_validator,absorbed_by_later_layer
schema_validation,V0161,F3,fuzz,schema_validation,single_artifact_validator,absorbed_by_later_layer
schema_validation,V0152,F3,fuzz,escape,escape,baseline_escape
schema_validation,V0162,F3,fuzz,schema_validation,single_artifact_validator,absorbed_by_later_layer
schema_validation,V0163,F3,fuzz,schema_validation,single_artifact_validator,absorbed_by_later_layer
schema_validation,V0129,F3,fuzz,schema_validation,single_artifact_validator,absorbed_by_later_layer
schema_validation,V0130,F3,fuzz,schema_validation,single_artifact_validator,absorbed_by_later_layer
schema_validation,V0131,F3,fuzz,schema_validation,single_artifact_validator,absorbed_by_later_layer
schema_validation,V0164,F3,fuzz,schema_validation,single_artifact_validator,absorbed_by_later_layer
schema_validation,V0148,F3,fuzz,schema_validation,single_artifact_validator,absorbed_by_later_layer
schema_validation,V0132,F3,fuzz,schema_validation,single_artifact_validator,absorbed_by_later_layer
schema_validation,V0138,F3,fuzz,schema_validation,single_artifact_validator,absorbed_by_later_layer
schema_validation,V0149,F3,fuzz,schema_validation,single_artifact_validator,absorbed_by_later_layer
schema_validation,V0133,F3,fuzz,schema_validation,single_artifact_validator,absorbed_by_later_layer
schema_validation,V0139,F3,fuzz,schema_validation,single_artifact_validator,absorbed_by_later_layer
schema_validation,V0134,F3,fuzz,schema_validation,single_artifact_validator,absorbed_by_later_layer
schema_validation,V0135,F3,fuzz,schema_validation,single_artifact_validator,absorbed_by_later_layer
schema_validation,V0140,F3,fuzz,schema_validation,single_artifact_validator,absorbed_by_later_layer
schema_validation,V0141,F3,fuzz,schema_validation,single_artifact_validator,absorbed_by_later_layer
schema_validation,V0142,F3,fuzz,schema_validation,single_artifact_validator,absorbed_by_later_layer
schema_validation,V0143,F3,fuzz,schema_validation,single_artifact_validator,absorbed_by_later_layer
schema_validation,V0165,F3,fuzz,schema_validation,single_artifact_validator,absorbed_by_later_layer
schema_validation,V0144,F3,fuzz,schema_validation,single_artifact_validator,absorbed_by_later_layer
schema_validation,V0155,F3,fuzz,schema_validation,single_artifact_validator,absorbed_by_later_layer
schema_validation,V0156,F3,fuzz,schema_validation,downstream_crash,downstream_crash
schema_validation,V0153,F3,fuzz,escape,escape,baseline_escape
schema_validation,V0150,F3,fuzz,schema_validation,single_artifact_validator,absorbed_by_later_layer
schema_validation,V0157,F3,fuzz,schema_validation,single_artifact_validator,absorbed_by_later_layer
schema_validation,V0166,F3,fuzz,schema_validation,single_artifact_validator,absorbed_by_later_layer
schema_validation,V0167,F3,fuzz,schema_validation,single_artifact_validator,absorbed_by_later_layer
schema_validation,V0168,F3,fuzz,schema_validation,single_artifact_validator,absorbed_by_later_layer
schema_validation,V0158,F3,fuzz,schema_validation,single_artifact_validator,absorbed_by_later_layer
schema_validation,V0145,F3,fuzz,schema_validation,single_artifact_validator,absorbed_by_later_layer
schema_validation,V0136,F3,fuzz,schema_validation,single_artifact_validator,absorbed_by_later_layer
schema_validation,V0169,F3,fuzz,schema_validation,single_artifact_validator,absorbed_by_later_layer
schema_validation,V0154,F3,fuzz,schema_validation,single_artifact_validator,absorbed_by_later_layer
schema_validation,V0159,F3,fuzz,schema_validation,single_artifact_validator,absorbed_by_later_layer
schema_validation,V0151,F3,fuzz,schema_validation,single_artifact_validator,absorbed_by_later_layer
schema_validation,V0239,F4,directed,cross_artifact_preflight,cross_artifact_preflight,other_stage_first_hit
schema_validation,V0238,F4,directed,cross_artifact_preflight,cross_artifact_preflight,other_stage_first_hit
schema_validation,V0230,F4,directed,single_artifact_validator,single_artifact_validator,other_stage_first_hit
schema_validation,V0228,F4,directed,single_artifact_validator,single_artifact_validator,other_stage_first_hit
schema_validation,V0229,F4,directed,cross_artifact_preflight,cross_artifact_preflight,other_stage_first_hit
schema_validation,V0232,F4,directed,single_artifact_validator,single_artifact_validator,other_stage_first_hit
schema_validation,V0231,F4,directed,single_artifact_validator,single_artifact_validator,other_stage_first_hit
schema_validation,V0235,F4,directed,cross_artifact_preflight,cross_artifact_preflight,other_stage_first_hit
schema_validation,V0226,F4,directed,schema_validation,single_artifact_validator,absorbed_by_later_layer
schema_validation,V0237,F4,directed,schema_validation,single_artifact_validator,absorbed_by_later_layer
schema_validation,V0234,F4,directed,schema_validation,single_artifact_validator,absorbed_by_later_layer
schema_validation,V0233,F4,directed,single_artifact_validator,single_artifact_validator,other_stage_first_hit
schema_validation,V0225,F4,directed,schema_validation,single_artifact_validator,absorbed_by_later_layer
schema_validation,V0240,F4,directed,schema_validation,single_artifact_validator,absorbed_by_later_layer
schema_validation,V0236,F4,directed,schema_validation,single_artifact_validator,absorbed_by_later_layer
schema_validation,V0227,F4,directed,single_artifact_validator,single_artifact_validator,other_stage_first_hit
schema_validation,V0205,F4,fuzz,schema_validation,single_artifact_validator,absorbed_by_later_layer
schema_validation,V0206,F4,fuzz,schema_validation,single_artifact_validator,absorbed_by_later_layer
schema_validation,V0207,F4,fuzz,schema_validation,single_artifact_validator,absorbed_by_later_layer
schema_validation,V0181,F4,fuzz,schema_validation,single_artifact_validator,absorbed_by_later_layer
schema_validation,V0182,F4,fuzz,schema_validation,single_artifact_validator,absorbed_by_later_layer
schema_validation,V0200,F4,fuzz,schema_validation,single_artifact_validator,absorbed_by_later_layer
schema_validation,V0201,F4,fuzz,schema_validation,single_artifact_validator,absorbed_by_later_layer
schema_validation,V0208,F4,fuzz,schema_validation,single_artifact_validator,absorbed_by_later_layer
schema_validation,V0214,F4,fuzz,schema_validation,single_artifact_validator,absorbed_by_later_layer
schema_validation,V0183,F4,fuzz,schema_validation,single_artifact_validator,absorbed_by_later_layer
schema_validation,V0202,F4,fuzz,schema_validation,single_artifact_validator,absorbed_by_later_layer
schema_validation,V0215,F4,fuzz,schema_validation,single_artifact_validator,absorbed_by_later_layer
schema_validation,V0216,F4,fuzz,schema_validation,single_artifact_validator,absorbed_by_later_layer
schema_validation,V0203,F4,fuzz,schema_validation,single_artifact_validator,absorbed_by_later_layer
schema_validation,V0189,F4,fuzz,schema_validation,single_artifact_validator,absorbed_by_later_layer
schema_validation,V0184,F4,fuzz,schema_validation,single_artifact_validator,absorbed_by_later_layer
schema_validation,V0185,F4,fuzz,schema_validation,single_artifact_validator,absorbed_by_later_layer
schema_validation,V0217,F4,fuzz,schema_validation,single_artifact_validator,absorbed_by_later_layer
schema_validation,V0195,F4,fuzz,schema_validation,single_artifact_validator,absorbed_by_later_layer
schema_validation,V0190,F4,fuzz,schema_validation,single_artifact_validator,absorbed_by_later_layer
schema_validation,V0186,F4,fuzz,schema_validation,single_artifact_validator,absorbed_by_later_layer
schema_validation,V0196,F4,fuzz,approval_hash_binding,approval_hash_binding,other_stage_first_hit
schema_validation,V0218,F4,fuzz,schema_validation,single_artifact_validator,absorbed_by_later_layer
schema_validation,V0209,F4,fuzz,schema_validation,single_artifact_validator,absorbed_by_later_layer
schema_validation,V0191,F4,fuzz,schema_validation,single_artifact_validator,absorbed_by_later_layer
schema_validation,V0187,F4,fuzz,schema_validation,single_artifact_validator,absorbed_by_later_layer
schema_validation,V0192,F4,fuzz,cross_artifact_preflight,cross_artifact_preflight,other_stage_first_hit
schema_validation,V0219,F4,fuzz,schema_validation,single_artifact_validator,absorbed_by_later_layer
schema_validation,V0193,F4,fuzz,schema_validation,single_artifact_validator,absorbed_by_later_layer
schema_validation,V0188,F4,fuzz,schema_validation,single_artifact_validator,absorbed_by_later_layer
schema_validation,V0220,F4,fuzz,schema_validation,single_artifact_validator,absorbed_by_later_layer
schema_validation,V0210,F4,fuzz,schema_validation,single_artifact_validator,absorbed_by_later_layer
schema_validation,V0221,F4,fuzz,schema_validation,single_artifact_validator,absorbed_by_later_layer
schema_validation,V0211,F4,fuzz,schema_validation,single_artifact_validator,absorbed_by_later_layer
schema_validation,V0197,F4,fuzz,schema_validation,single_artifact_validator,absorbed_by_later_layer
schema_validation,V0198,F4,fuzz,schema_validation,single_artifact_validator,absorbed_by_later_layer
schema_validation,V0212,F4,fuzz,schema_validation,single_artifact_validator,absorbed_by_later_layer
schema_validation,V0222,F4,fuzz,schema_validation,single_artifact_validator,absorbed_by_later_layer
schema_validation,V0194,F4,fuzz,schema_validation,single_artifact_validator,absorbed_by_later_layer
schema_validation,V0213,F4,fuzz,schema_validation,single_artifact_validator,absorbed_by_later_layer
schema_validation,V0199,F4,fuzz,schema_validation,single_artifact_validator,absorbed_by_later_layer
schema_validation,V0223,F4,fuzz,schema_validation,single_artifact_validator,absorbed_by_later_layer
schema_validation,V0224,F4,fuzz,schema_validation,single_artifact_validator,absorbed_by_later_layer
schema_validation,V0204,F4,fuzz,schema_validation,single_artifact_validator,absorbed_by_later_layer
schema_validation,V0243,F5,directed,schema_validation,single_artifact_validator,absorbed_by_later_layer
schema_validation,V0241,F5,directed,schema_validation,single_artifact_validator,absorbed_by_later_layer
schema_validation,V0244,F5,directed,schema_validation,single_artifact_validator,absorbed_by_later_layer
schema_validation,V0242,F5,directed,schema_validation,single_artifact_validator,absorbed_by_later_layer
schema_validation,V0247,F5,directed,schema_validation,single_artifact_validator,absorbed_by_later_layer
schema_validation,V0245,F5,directed,schema_validation,single_artifact_validator,absorbed_by_later_layer
schema_validation,V0248,F5,directed,schema_validation,single_artifact_validator,absorbed_by_later_layer
schema_validation,V0246,F5,directed,schema_validation,single_artifact_validator,absorbed_by_later_layer
schema_validation,V0297,F5,directed,schema_validation,single_artifact_validator,absorbed_by_later_layer
schema_validation,V0295,F5,directed,schema_validation,single_artifact_validator,absorbed_by_later_layer
schema_validation,V0298,F5,directed,schema_validation,single_artifact_validator,absorbed_by_later_layer
schema_validation,V0296,F5,directed,schema_validation,single_artifact_validator,absorbed_by_later_layer
schema_validation,V0293,F5,directed,schema_validation,single_artifact_validator,absorbed_by_later_layer
schema_validation,V0291,F5,directed,schema_validation,single_artifact_validator,absorbed_by_later_layer
schema_validation,V0294,F5,directed,schema_validation,single_artifact_validator,absorbed_by_later_layer
schema_validation,V0292,F5,directed,schema_validation,single_artifact_validator,absorbed_by_later_layer
schema_validation,V0250,F5,directed,cross_artifact_preflight,cross_artifact_preflight,other_stage_first_hit
schema_validation,V0299,F5,directed,cross_artifact_preflight,cross_artifact_preflight,other_stage_first_hit
schema_validation,V0300,F5,directed,single_artifact_validator,single_artifact_validator,other_stage_first_hit
schema_validation,V0249,F5,directed,schema_validation,single_artifact_validator,absorbed_by_later_layer
schema_validation,V0254,F5,fuzz,schema_validation,downstream_crash,downstream_crash
schema_validation,V0273,F5,fuzz,schema_validation,single_artifact_validator,absorbed_by_later_layer
schema_validation,V0274,F5,fuzz,schema_validation,cross_artifact_preflight,absorbed_by_later_layer
schema_validation,V0265,F5,fuzz,escape,escape,baseline_escape
schema_validation,V0266,F5,fuzz,escape,escape,baseline_escape
schema_validation,V0281,F5,fuzz,schema_validation,single_artifact_validator,absorbed_by_later_layer
schema_validation,V0282,F5,fuzz,schema_validation,single_artifact_validator,absorbed_by_later_layer
schema_validation,V0283,F5,fuzz,schema_validation,cross_artifact_preflight,absorbed_by_later_layer
schema_validation,V0284,F5,fuzz,schema_validation,single_artifact_validator,absorbed_by_later_layer
schema_validation,V0260,F5,fuzz,schema_validation,single_artifact_validator,absorbed_by_later_layer
schema_validation,V0255,F5,fuzz,schema_validation,single_artifact_validator,absorbed_by_later_layer
schema_validation,V0285,F5,fuzz,schema_validation,single_artifact_validator,absorbed_by_later_layer
schema_validation,V0269,F5,fuzz,schema_validation,single_artifact_validator,absorbed_by_later_layer
schema_validation,V0256,F5,fuzz,schema_validation,downstream_crash,downstream_crash
schema_validation,V0257,F5,fuzz,schema_validation,downstream_crash,downstream_crash
schema_validation,V0286,F5,fuzz,schema_validation,cross_artifact_preflight,absorbed_by_later_layer
schema_validation,V0267,F5,fuzz,escape,escape,baseline_escape
schema_validation,V0275,F5,fuzz,schema_validation,single_artifact_validator,absorbed_by_later_layer
schema_validation,V0261,F5,fuzz,schema_validation,single_artifact_validator,absorbed_by_later_layer
schema_validation,V0287,F5,fuzz,schema_validation,single_artifact_validator,absorbed_by_later_layer
schema_validation,V0262,F5,fuzz,approval_hash_binding,approval_hash_binding,other_stage_first_hit
schema_validation,V0276,F5,fuzz,schema_validation,single_artifact_validator,absorbed_by_later_layer
schema_validation,V0263,F5,fuzz,schema_validation,single_artifact_validator,absorbed_by_later_layer
schema_validation,V0277,F5,fuzz,schema_validation,single_artifact_validator,absorbed_by_later_layer
schema_validation,V0270,F5,fuzz,schema_validation,single_artifact_validator,absorbed_by_later_layer
schema_validation,V0251,F5,fuzz,schema_validation,downstream_crash,downstream_crash
schema_validation,V0258,F5,fuzz,escape,escape,baseline_escape
schema_validation,V0252,F5,fuzz,schema_validation,downstream_crash,downstream_crash
schema_validation,V0288,F5,fuzz,schema_validation,single_artifact_validator,absorbed_by_later_layer
schema_validation,V0278,F5,fuzz,approval_hash_binding,approval_hash_binding,other_stage_first_hit
schema_validation,V0271,F5,fuzz,schema_validation,downstream_crash,downstream_crash
schema_validation,V0289,F5,fuzz,schema_validation,single_artifact_validator,absorbed_by_later_layer
schema_validation,V0279,F5,fuzz,schema_validation,single_artifact_validator,absorbed_by_later_layer
schema_validation,V0264,F5,fuzz,schema_validation,single_artifact_validator,absorbed_by_later_layer
schema_validation,V0253,F5,fuzz,schema_validation,single_artifact_validator,absorbed_by_later_layer
schema_validation,V0259,F5,fuzz,schema_validation,single_artifact_validator,absorbed_by_later_layer
schema_validation,V0290,F5,fuzz,schema_validation,cross_artifact_preflight,absorbed_by_later_layer
schema_validation,V0272,F5,fuzz,schema_validation,downstream_crash,downstream_crash
schema_validation,V0268,F5,fuzz,escape,escape,baseline_escape
schema_validation,V0280,F5,fuzz,schema_validation,downstream_crash,downstream_crash
schema_validation,V0311,F6,directed,single_artifact_validator,single_artifact_validator,other_stage_first_hit
schema_validation,V0309,F6,directed,single_artifact_validator,single_artifact_validator,other_stage_first_hit
schema_validation,V0310,F6,directed,single_artifact_validator,single_artifact_validator,other_stage_first_hit
schema_validation,V0308,F6,directed,single_artifact_validator,single_artifact_validator,other_stage_first_hit
schema_validation,V0312,F6,directed,cross_artifact_preflight,cross_artifact_preflight,other_stage_first_hit
schema_validation,V0313,F6,directed,single_artifact_validator,single_artifact_validator,other_stage_first_hit
schema_validation,V0321,F6,directed,cross_artifact_preflight,cross_artifact_preflight,other_stage_first_hit
schema_validation,V0320,F6,directed,cross_artifact_preflight,cross_artifact_preflight,other_stage_first_hit
schema_validation,V0319,F6,directed,cross_artifact_preflight,cross_artifact_preflight,other_stage_first_hit
schema_validation,V0359,F6,directed,schema_validation,single_artifact_validator,absorbed_by_later_layer
schema_validation,V0360,F6,directed,schema_validation,single_artifact_validator,absorbed_by_later_layer
schema_validation,V0358,F6,directed,schema_validation,single_artifact_validator,absorbed_by_later_layer
schema_validation,V0318,F6,directed,schema_validation,single_artifact_validator,absorbed_by_later_layer
schema_validation,V0317,F6,directed,schema_validation,single_artifact_validator,absorbed_by_later_layer
schema_validation,V0314,F6,directed,schema_validation,single_artifact_validator,absorbed_by_later_layer
schema_validation,V0315,F6,directed,schema_validation,single_artifact_validator,absorbed_by_later_layer
schema_validation,V0316,F6,directed,schema_validation,single_artifact_validator,absorbed_by_later_layer
schema_validation,V0305,F6,directed,schema_validation,single_artifact_validator,absorbed_by_later_layer
schema_validation,V0301,F6,directed,schema_validation,single_artifact_validator,absorbed_by_later_layer
schema_validation,V0304,F6,directed,schema_validation,single_artifact_validator,absorbed_by_later_layer
schema_validation,V0306,F6,directed,schema_validation,single_artifact_validator,absorbed_by_later_layer
schema_validation,V0307,F6,directed,schema_validation,single_artifact_validator,absorbed_by_later_layer
schema_validation,V0302,F6,directed,schema_validation,single_artifact_validator,absorbed_by_later_layer
schema_validation,V0303,F6,directed,schema_validation,single_artifact_validator,absorbed_by_later_layer
schema_validation,V0338,F6,fuzz,escape,escape,baseline_escape
schema_validation,V0339,F6,fuzz,escape,escape,baseline_escape
schema_validation,V0344,F6,fuzz,schema_validation,single_artifact_validator,absorbed_by_later_layer
schema_validation,V0348,F6,fuzz,schema_validation,single_artifact_validator,absorbed_by_later_layer
schema_validation,V0322,F6,fuzz,schema_validation,single_artifact_validator,absorbed_by_later_layer
schema_validation,V0323,F6,fuzz,schema_validation,single_artifact_validator,absorbed_by_later_layer
schema_validation,V0324,F6,fuzz,schema_validation,single_artifact_validator,absorbed_by_later_layer
schema_validation,V0325,F6,fuzz,schema_validation,single_artifact_validator,absorbed_by_later_layer
schema_validation,V0340,F6,fuzz,escape,escape,baseline_escape
schema_validation,V0349,F6,fuzz,schema_validation,single_artifact_validator,absorbed_by_later_layer
schema_validation,V0328,F6,fuzz,schema_validation,single_artifact_validator,absorbed_by_later_layer
schema_validation,V0353,F6,fuzz,schema_validation,single_artifact_validator,absorbed_by_later_layer
schema_validation,V0335,F6,fuzz,schema_validation,single_artifact_validator,absorbed_by_later_layer
schema_validation,V0329,F6,fuzz,schema_validation,single_artifact_validator,absorbed_by_later_layer
schema_validation,V0341,F6,fuzz,escape,escape,baseline_escape
schema_validation,V0350,F6,fuzz,schema_validation,single_artifact_validator,absorbed_by_later_layer
schema_validation,V0326,F6,fuzz,schema_validation,single_artifact_validator,absorbed_by_later_layer
schema_validation,V0330,F6,fuzz,schema_validation,single_artifact_validator,absorbed_by_later_layer
schema_validation,V0327,F6,fuzz,schema_validation,single_artifact_validator,absorbed_by_later_layer
schema_validation,V0351,F6,fuzz,schema_validation,single_artifact_validator,absorbed_by_later_layer
schema_validation,V0354,F6,fuzz,schema_validation,single_artifact_validator,absorbed_by_later_layer
schema_validation,V0331,F6,fuzz,schema_validation,single_artifact_validator,absorbed_by_later_layer
schema_validation,V0332,F6,fuzz,schema_validation,single_artifact_validator,absorbed_by_later_layer
schema_validation,V0333,F6,fuzz,schema_validation,single_artifact_validator,absorbed_by_later_layer
schema_validation,V0345,F6,fuzz,schema_validation,single_artifact_validator,absorbed_by_later_layer
schema_validation,V0352,F6,fuzz,schema_validation,single_artifact_validator,absorbed_by_later_layer
schema_validation,V0342,F6,fuzz,escape,escape,baseline_escape
schema_validation,V0355,F6,fuzz,schema_validation,single_artifact_validator,absorbed_by_later_layer
schema_validation,V0343,F6,fuzz,escape,escape,baseline_escape
schema_validation,V0334,F6,fuzz,schema_validation,single_artifact_validator,absorbed_by_later_layer
schema_validation,V0346,F6,fuzz,schema_validation,single_artifact_validator,absorbed_by_later_layer
schema_validation,V0356,F6,fuzz,schema_validation,single_artifact_validator,absorbed_by_later_layer
schema_validation,V0347,F6,fuzz,schema_validation,single_artifact_validator,absorbed_by_later_layer
schema_validation,V0336,F6,fuzz,schema_validation,single_artifact_validator,absorbed_by_later_layer
schema_validation,V0337,F6,fuzz,schema_validation,single_artifact_validator,absorbed_by_later_layer
schema_validation,V0357,F6,fuzz,schema_validation,single_artifact_validator,absorbed_by_later_layer
schema_validation,V0364,F7,directed,orchestrator_revalidation,orchestrator_revalidation,other_stage_first_hit
schema_validation,V0362,F7,directed,orchestrator_revalidation,orchestrator_revalidation,other_stage_first_hit
schema_validation,V0363,F7,directed,orchestrator_revalidation,orchestrator_revalidation,other_stage_first_hit
schema_validation,V0365,F7,directed,orchestrator_revalidation,orchestrator_revalidation,other_stage_first_hit
schema_validation,V0361,F7,directed,orchestrator_revalidation,orchestrator_revalidation,other_stage_first_hit
single_artifact_validator,V0047,F1,directed,schema_validation,schema_validation,other_stage_first_hit
single_artifact_validator,V0050,F1,directed,schema_validation,schema_validation,other_stage_first_hit
single_artifact_validator,V0046,F1,directed,schema_validation,schema_validation,other_stage_first_hit
single_artifact_validator,V0049,F1,directed,schema_validation,schema_validation,other_stage_first_hit
single_artifact_validator,V0048,F1,directed,single_artifact_validator,approval_hash_binding,absorbed_by_later_layer
single_artifact_validator,V0052,F1,directed,approval_hash_binding,approval_hash_binding,other_stage_first_hit
single_artifact_validator,V0045,F1,directed,approval_hash_binding,approval_hash_binding,other_stage_first_hit
single_artifact_validator,V0051,F1,directed,approval_hash_binding,approval_hash_binding,other_stage_first_hit
single_artifact_validator,V0055,F1,directed,schema_validation,schema_validation,other_stage_first_hit
single_artifact_validator,V0058,F1,directed,schema_validation,schema_validation,other_stage_first_hit
single_artifact_validator,V0054,F1,directed,schema_validation,schema_validation,other_stage_first_hit
single_artifact_validator,V0057,F1,directed,schema_validation,schema_validation,other_stage_first_hit
single_artifact_validator,V0056,F1,directed,single_artifact_validator,approval_hash_binding,absorbed_by_later_layer
single_artifact_validator,V0060,F1,directed,approval_hash_binding,approval_hash_binding,other_stage_first_hit
single_artifact_validator,V0053,F1,directed,approval_hash_binding,approval_hash_binding,other_stage_first_hit
single_artifact_validator,V0059,F1,directed,approval_hash_binding,approval_hash_binding,other_stage_first_hit
single_artifact_validator,V0039,F1,directed,schema_validation,schema_validation,other_stage_first_hit
single_artifact_validator,V0042,F1,directed,schema_validation,schema_validation,other_stage_first_hit
single_artifact_validator,V0038,F1,directed,schema_validation,schema_validation,other_stage_first_hit
single_artifact_validator,V0041,F1,directed,schema_validation,schema_validation,other_stage_first_hit
single_artifact_validator,V0040,F1,directed,single_artifact_validator,approval_hash_binding,absorbed_by_later_layer
single_artifact_validator,V0036,F1,directed,approval_hash_binding,approval_hash_binding,other_stage_first_hit
single_artifact_validator,V0037,F1,directed,approval_hash_binding,approval_hash_binding,other_stage_first_hit
single_artifact_validator,V0044,F1,directed,approval_hash_binding,approval_hash_binding,other_stage_first_hit
single_artifact_validator,V0035,F1,directed,approval_hash_binding,approval_hash_binding,other_stage_first_hit
single_artifact_validator,V0043,F1,directed,approval_hash_binding,approval_hash_binding,other_stage_first_hit
single_artifact_validator,V0009,F1,directed,schema_validation,schema_validation,other_stage_first_hit
single_artifact_validator,V0012,F1,directed,schema_validation,schema_validation,other_stage_first_hit
single_artifact_validator,V0008,F1,directed,schema_validation,schema_validation,other_stage_first_hit
single_artifact_validator,V0011,F1,directed,schema_validation,schema_validation,other_stage_first_hit
single_artifact_validator,V0010,F1,directed,single_artifact_validator,approval_hash_binding,absorbed_by_later_layer
single_artifact_validator,V0006,F1,directed,escape,escape,baseline_escape
single_artifact_validator,V0007,F1,directed,escape,escape,baseline_escape
single_artifact_validator,V0014,F1,directed,escape,escape,baseline_escape
single_artifact_validator,V0005,F1,directed,escape,escape,baseline_escape
single_artifact_validator,V0013,F1,directed,escape,escape,baseline_escape
single_artifact_validator,V0002,F1,directed,schema_validation,schema_validation,other_stage_first_hit
single_artifact_validator,V0004,F1,directed,schema_validation,schema_validation,other_stage_first_hit
single_artifact_validator,V0001,F1,directed,schema_validation,schema_validation,other_stage_first_hit
single_artifact_validator,V0003,F1,directed,schema_validation,schema_validation,other_stage_first_hit
single_artifact_validator,V0031,F1,fuzz,schema_validation,schema_validation,other_stage_first_hit
single_artifact_validator,V0026,F1,fuzz,schema_validation,schema_validation,other_stage_first_hit
single_artifact_validator,V0019,F1,fuzz,schema_validation,schema_validation,other_stage_first_hit
single_artifact_validator,V0015,F1,fuzz,schema_validation,schema_validation,other_stage_first_hit
single_artifact_validator,V0032,F1,fuzz,schema_validation,schema_validation,other_stage_first_hit
single_artifact_validator,V0033,F1,fuzz,schema_validation,schema_validation,other_stage_first_hit
single_artifact_validator,V0020,F1,fuzz,schema_validation,schema_validation,other_stage_first_hit
single_artifact_validator,V0021,F1,fuzz,schema_validation,schema_validation,other_stage_first_hit
single_artifact_validator,V0016,F1,fuzz,schema_validation,schema_validation,other_stage_first_hit
single_artifact_validator,V0027,F1,fuzz,schema_validation,schema_validation,other_stage_first_hit
single_artifact_validator,V0028,F1,fuzz,schema_validation,schema_validation,other_stage_first_hit
single_artifact_validator,V0017,F1,fuzz,schema_validation,schema_validation,other_stage_first_hit
single_artifact_validator,V0029,F1,fuzz,schema_validation,schema_validation,other_stage_first_hit
single_artifact_validator,V0024,F1,fuzz,escape,escape,baseline_escape
single_artifact_validator,V0022,F1,fuzz,schema_validation,schema_validation,other_stage_first_hit
single_artifact_validator,V0030,F1,fuzz,schema_validation,schema_validation,other_stage_first_hit
single_artifact_validator,V0023,F1,fuzz,schema_validation,schema_validation,other_stage_first_hit
single_artifact_validator,V0018,F1,fuzz,schema_validation,schema_validation,other_stage_first_hit
single_artifact_validator,V0034,F1,fuzz,schema_validation,schema_validation,other_stage_first_hit
single_artifact_validator,V0025,F1,fuzz,escape,escape,baseline_escape
single_artifact_validator,V0068,F2,directed,cross_artifact_preflight,cross_artifact_preflight,other_stage_first_hit
single_artifact_validator,V0070,F2,directed,cross_artifact_preflight,cross_artifact_preflight,other_stage_first_hit
single_artifact_validator,V0069,F2,directed,cross_artifact_preflight,cross_artifact_preflight,other_stage_first_hit
single_artifact_validator,V0062,F2,directed,cross_artifact_preflight,cross_artifact_preflight,other_stage_first_hit
single_artifact_validator,V0061,F2,directed,cross_artifact_preflight,cross_artifact_preflight,other_stage_first_hit
single_artifact_validator,V0066,F2,directed,single_artifact_validator,cross_artifact_preflight,absorbed_by_later_layer
single_artifact_validator,V0067,F2,directed,single_artifact_validator,cross_artifact_preflight,absorbed_by_later_layer
single_artifact_validator,V0063,F2,directed,cross_artifact_preflight,cross_artifact_preflight,other_stage_first_hit
single_artifact_validator,V0064,F2,directed,cross_artifact_preflight,cross_artifact_preflight,other_stage_first_hit
single_artifact_validator,V0109,F2,directed,schema_validation,schema_validation,other_stage_first_hit
single_artifact_validator,V0110,F2,directed,schema_validation,schema_validation,other_stage_first_hit
single_artifact_validator,V0071,F2,directed,schema_validation,schema_validation,other_stage_first_hit
single_artifact_validator,V0065,F2,directed,schema_validation,schema_validation,other_stage_first_hit
single_artifact_validator,V0118,F2,directed,approval_hash_binding,approval_hash_binding,other_stage_first_hit
single_artifact_validator,V0119,F2,directed,approval_hash_binding,approval_hash_binding,other_stage_first_hit
single_artifact_validator,V0117,F2,directed,approval_hash_binding,approval_hash_binding,other_stage_first_hit
single_artifact_validator,V0120,F2,directed,approval_hash_binding,approval_hash_binding,other_stage_first_hit
single_artifact_validator,V0116,F2,directed,approval_hash_binding,approval_hash_binding,other_stage_first_hit
single_artifact_validator,V0115,F2,directed,approval_hash_binding,approval_hash_binding,other_stage_first_hit
single_artifact_validator,V0112,F2,directed,approval_hash_binding,approval_hash_binding,other_stage_first_hit
single_artifact_validator,V0111,F2,directed,approval_hash_binding,approval_hash_binding,other_stage_first_hit
single_artifact_validator,V0114,F2,directed,approval_hash_binding,approval_hash_binding,other_stage_first_hit
single_artifact_validator,V0113,F2,directed,approval_hash_binding,approval_hash_binding,other_stage_first_hit
single_artifact_validator,V0103,F2,fuzz,schema_validation,schema_validation,other_stage_first_hit
single_artifact_validator,V0085,F2,fuzz,schema_validation,schema_validation,other_stage_first_hit
single_artifact_validator,V0072,F2,fuzz,schema_validation,schema_validation,other_stage_first_hit
single_artifact_validator,V0079,F2,fuzz,escape,escape,baseline_escape
single_artifact_validator,V0080,F2,fuzz,schema_validation,schema_validation,other_stage_first_hit
single_artifact_validator,V0104,F2,fuzz,schema_validation,schema_validation,other_stage_first_hit
single_artifact_validator,V0073,F2,fuzz,schema_validation,schema_validation,other_stage_first_hit
single_artifact_validator,V0093,F2,fuzz,schema_validation,schema_validation,other_stage_first_hit
single_artifact_validator,V0074,F2,fuzz,schema_validation,schema_validation,other_stage_first_hit
single_artifact_validator,V0086,F2,fuzz,schema_validation,schema_validation,other_stage_first_hit
single_artifact_validator,V0094,F2,fuzz,schema_validation,schema_validation,other_stage_first_hit
single_artifact_validator,V0095,F2,fuzz,schema_validation,schema_validation,other_stage_first_hit
single_artifact_validator,V0105,F2,fuzz,schema_validation,schema_validation,other_stage_first_hit
single_artifact_validator,V0087,F2,fuzz,schema_validation,schema_validation,other_stage_first_hit
single_artifact_validator,V0081,F2,fuzz,schema_validation,schema_validation,other_stage_first_hit
single_artifact_validator,V0106,F2,fuzz,schema_validation,schema_validation,other_stage_first_hit
single_artifact_validator,V0088,F2,fuzz,schema_validation,schema_validation,other_stage_first_hit
single_artifact_validator,V0089,F2,fuzz,schema_validation,schema_validation,other_stage_first_hit
single_artifact_validator,V0099,F2,fuzz,schema_validation,schema_validation,other_stage_first_hit
single_artifact_validator,V0096,F2,fuzz,schema_validation,schema_validation,other_stage_first_hit
single_artifact_validator,V0100,F2,fuzz,schema_validation,schema_validation,other_stage_first_hit
single_artifact_validator,V0107,F2,fuzz,schema_validation,schema_validation,other_stage_first_hit
single_artifact_validator,V0075,F2,fuzz,approval_hash_binding,approval_hash_binding,other_stage_first_hit
single_artifact_validator,V0076,F2,fuzz,schema_validation,schema_validation,other_stage_first_hit
single_artifact_validator,V0097,F2,fuzz,schema_validation,schema_validation,other_stage_first_hit
single_artifact_validator,V0082,F2,fuzz,schema_validation,schema_validation,other_stage_first_hit
single_artifact_validator,V0090,F2,fuzz,schema_validation,schema_validation,other_stage_first_hit
single_artifact_validator,V0083,F2,fuzz,schema_validation,schema_validation,other_stage_first_hit
single_artifact_validator,V0098,F2,fuzz,schema_validation,schema_validation,other_stage_first_hit
single_artifact_validator,V0091,F2,fuzz,schema_validation,schema_validation,other_stage_first_hit
single_artifact_validator,V0077,F2,fuzz,schema_validation,schema_validation,other_stage_first_hit
single_artifact_validator,V0108,F2,fuzz,schema_validation,schema_validation,other_stage_first_hit
single_artifact_validator,V0092,F2,fuzz,schema_validation,schema_validation,other_stage_first_hit
single_artifact_validator,V0084,F2,fuzz,schema_validation,schema_validation,other_stage_first_hit
single_artifact_validator,V0078,F2,fuzz,schema_validation,schema_validation,other_stage_first_hit
single_artifact_validator,V0101,F2,fuzz,schema_validation,schema_validation,other_stage_first_hit
single_artifact_validator,V0102,F2,fuzz,schema_validation,schema_validation,other_stage_first_hit
single_artifact_validator,V0121,F3,directed,approval_hash_binding,approval_hash_binding,other_stage_first_hit
single_artifact_validator,V0122,F3,directed,single_artifact_validator,approval_hash_binding,absorbed_by_later_layer
single_artifact_validator,V0123,F3,directed,approval_hash_binding,approval_hash_binding,other_stage_first_hit
single_artifact_validator,V0180,F3,directed,approval_hash_binding,approval_hash_binding,other_stage_first_hit
single_artifact_validator,V0127,F3,directed,schema_validation,schema_validation,other_stage_first_hit
single_artifact_validator,V0126,F3,directed,approval_hash_binding,approval_hash_binding,other_stage_first_hit
single_artifact_validator,V0125,F3,directed,approval_hash_binding,approval_hash_binding,other_stage_first_hit
single_artifact_validator,V0124,F3,directed,approval_hash_binding,approval_hash_binding,other_stage_first_hit
single_artifact_validator,V0173,F3,directed,approval_hash_binding,approval_hash_binding,other_stage_first_hit
single_artifact_validator,V0172,F3,directed,approval_hash_binding,approval_hash_binding,other_stage_first_hit
single_artifact_validator,V0171,F3,directed,approval_hash_binding,approval_hash_binding,other_stage_first_hit
single_artifact_validator,V0175,F3,directed,approval_hash_binding,approval_hash_binding,other_stage_first_hit
single_artifact_validator,V0174,F3,directed,approval_hash_binding,approval_hash_binding,other_stage_first_hit
single_artifact_validator,V0170,F3,directed,single_artifact_validator,approval_hash_binding,absorbed_by_later_layer
single_artifact_validator,V0179,F3,directed,orchestrator_revalidation,orchestrator_revalidation,other_stage_first_hit
single_artifact_validator,V0178,F3,directed,orchestrator_revalidation,orchestrator_revalidation,other_stage_first_hit
single_artifact_validator,V0177,F3,directed,orchestrator_revalidation,orchestrator_revalidation,other_stage_first_hit
single_artifact_validator,V0176,F3,directed,orchestrator_revalidation,orchestrator_revalidation,other_stage_first_hit
single_artifact_validator,V0160,F3,fuzz,schema_validation,schema_validation,other_stage_first_hit
single_artifact_validator,V0146,F3,fuzz,schema_validation,schema_validation,other_stage_first_hit
single_artifact_validator,V0137,F3,fuzz,schema_validation,schema_validation,other_stage_first_hit
single_artifact_validator,V0128,F3,fuzz,schema_validation,schema_validation,other_stage_first_hit
single_artifact_validator,V0147,F3,fuzz,schema_validation,schema_validation,other_stage_first_hit
single_artifact_validator,V0161,F3,fuzz,schema_validation,schema_validation,other_stage_first_hit
single_artifact_validator,V0152,F3,fuzz,escape,escape,baseline_escape
single_artifact_validator,V0162,F3,fuzz,schema_validation,schema_validation,other_stage_first_hit
single_artifact_validator,V0163,F3,fuzz,schema_validation,schema_validation,other_stage_first_hit
single_artifact_validator,V0129,F3,fuzz,schema_validation,schema_validation,other_stage_first_hit
single_artifact_validator,V0130,F3,fuzz,schema_validation,schema_validation,other_stage_first_hit
single_artifact_validator,V0131,F3,fuzz,schema_validation,schema_validation,other_stage_first_hit
single_artifact_validator,V0164,F3,fuzz,schema_validation,schema_validation,other_stage_first_hit
single_artifact_validator,V0148,F3,fuzz,schema_validation,schema_validation,other_stage_first_hit
single_artifact_validator,V0132,F3,fuzz,schema_validation,schema_validation,other_stage_first_hit
single_artifact_validator,V0138,F3,fuzz,schema_validation,schema_validation,other_stage_first_hit
single_artifact_validator,V0149,F3,fuzz,schema_validation,schema_validation,other_stage_first_hit
single_artifact_validator,V0133,F3,fuzz,schema_validation,schema_validation,other_stage_first_hit
single_artifact_validator,V0139,F3,fuzz,schema_validation,schema_validation,other_stage_first_hit
single_artifact_validator,V0134,F3,fuzz,schema_validation,schema_validation,other_stage_first_hit
single_artifact_validator,V0135,F3,fuzz,schema_validation,schema_validation,other_stage_first_hit
single_artifact_validator,V0140,F3,fuzz,schema_validation,schema_validation,other_stage_first_hit
single_artifact_validator,V0141,F3,fuzz,schema_validation,schema_validation,other_stage_first_hit
single_artifact_validator,V0142,F3,fuzz,schema_validation,schema_validation,other_stage_first_hit
single_artifact_validator,V0143,F3,fuzz,schema_validation,schema_validation,other_stage_first_hit
single_artifact_validator,V0165,F3,fuzz,schema_validation,schema_validation,other_stage_first_hit
single_artifact_validator,V0144,F3,fuzz,schema_validation,schema_validation,other_stage_first_hit
single_artifact_validator,V0155,F3,fuzz,schema_validation,schema_validation,other_stage_first_hit
single_artifact_validator,V0156,F3,fuzz,schema_validation,schema_validation,other_stage_first_hit
single_artifact_validator,V0153,F3,fuzz,escape,escape,baseline_escape
single_artifact_validator,V0150,F3,fuzz,schema_validation,schema_validation,other_stage_first_hit
single_artifact_validator,V0157,F3,fuzz,schema_validation,schema_validation,other_stage_first_hit
single_artifact_validator,V0166,F3,fuzz,schema_validation,schema_validation,other_stage_first_hit
single_artifact_validator,V0167,F3,fuzz,schema_validation,schema_validation,other_stage_first_hit
single_artifact_validator,V0168,F3,fuzz,schema_validation,schema_validation,other_stage_first_hit
single_artifact_validator,V0158,F3,fuzz,schema_validation,schema_validation,other_stage_first_hit
single_artifact_validator,V0145,F3,fuzz,schema_validation,schema_validation,other_stage_first_hit
single_artifact_validator,V0136,F3,fuzz,schema_validation,schema_validation,other_stage_first_hit
single_artifact_validator,V0169,F3,fuzz,schema_validation,schema_validation,other_stage_first_hit
single_artifact_validator,V0154,F3,fuzz,schema_validation,schema_validation,other_stage_first_hit
single_artifact_validator,V0159,F3,fuzz,schema_validation,schema_validation,other_stage_first_hit
single_artifact_validator,V0151,F3,fuzz,schema_validation,schema_validation,other_stage_first_hit
single_artifact_validator,V0239,F4,directed,cross_artifact_preflight,cross_artifact_preflight,other_stage_first_hit
single_artifact_validator,V0238,F4,directed,cross_artifact_preflight,cross_artifact_preflight,other_stage_first_hit
single_artifact_validator,V0230,F4,directed,single_artifact_validator,cross_artifact_preflight,absorbed_by_later_layer
single_artifact_validator,V0228,F4,directed,single_artifact_validator,cross_artifact_preflight,absorbed_by_later_layer
single_artifact_validator,V0229,F4,directed,cross_artifact_preflight,cross_artifact_preflight,other_stage_first_hit
single_artifact_validator,V0232,F4,directed,single_artifact_validator,cross_artifact_preflight,absorbed_by_later_layer
single_artifact_validator,V0231,F4,directed,single_artifact_validator,cross_artifact_preflight,absorbed_by_later_layer
single_artifact_validator,V0235,F4,directed,cross_artifact_preflight,cross_artifact_preflight,other_stage_first_hit
single_artifact_validator,V0226,F4,directed,schema_validation,schema_validation,other_stage_first_hit
single_artifact_validator,V0237,F4,directed,schema_validation,schema_validation,other_stage_first_hit
single_artifact_validator,V0234,F4,directed,schema_validation,schema_validation,other_stage_first_hit
single_artifact_validator,V0233,F4,directed,single_artifact_validator,cross_artifact_preflight,absorbed_by_later_layer
single_artifact_validator,V0225,F4,directed,schema_validation,schema_validation,other_stage_first_hit
single_artifact_validator,V0240,F4,directed,schema_validation,schema_validation,other_stage_first_hit
single_artifact_validator,V0236,F4,directed,schema_validation,schema_validation,other_stage_first_hit
single_artifact_validator,V0227,F4,directed,single_artifact_validator,cross_artifact_preflight,absorbed_by_later_layer
single_artifact_validator,V0205,F4,fuzz,schema_validation,schema_validation,other_stage_first_hit
single_artifact_validator,V0206,F4,fuzz,schema_validation,schema_validation,other_stage_first_hit
single_artifact_validator,V0207,F4,fuzz,schema_validation,schema_validation,other_stage_first_hit
single_artifact_validator,V0181,F4,fuzz,schema_validation,schema_validation,other_stage_first_hit
single_artifact_validator,V0182,F4,fuzz,schema_validation,schema_validation,other_stage_first_hit
single_artifact_validator,V0200,F4,fuzz,schema_validation,schema_validation,other_stage_first_hit
single_artifact_validator,V0201,F4,fuzz,schema_validation,schema_validation,other_stage_first_hit
single_artifact_validator,V0208,F4,fuzz,schema_validation,schema_validation,other_stage_first_hit
single_artifact_validator,V0214,F4,fuzz,schema_validation,schema_validation,other_stage_first_hit
single_artifact_validator,V0183,F4,fuzz,schema_validation,schema_validation,other_stage_first_hit
single_artifact_validator,V0202,F4,fuzz,schema_validation,schema_validation,other_stage_first_hit
single_artifact_validator,V0215,F4,fuzz,schema_validation,schema_validation,other_stage_first_hit
single_artifact_validator,V0216,F4,fuzz,schema_validation,schema_validation,other_stage_first_hit
single_artifact_validator,V0203,F4,fuzz,schema_validation,schema_validation,other_stage_first_hit
single_artifact_validator,V0189,F4,fuzz,schema_validation,schema_validation,other_stage_first_hit
single_artifact_validator,V0184,F4,fuzz,schema_validation,schema_validation,other_stage_first_hit
single_artifact_validator,V0185,F4,fuzz,schema_validation,schema_validation,other_stage_first_hit
single_artifact_validator,V0217,F4,fuzz,schema_validation,schema_validation,other_stage_first_hit
single_artifact_validator,V0195,F4,fuzz,schema_validation,schema_validation,other_stage_first_hit
single_artifact_validator,V0190,F4,fuzz,schema_validation,schema_validation,other_stage_first_hit
single_artifact_validator,V0186,F4,fuzz,schema_validation,schema_validation,other_stage_first_hit
single_artifact_validator,V0196,F4,fuzz,approval_hash_binding,approval_hash_binding,other_stage_first_hit
single_artifact_validator,V0218,F4,fuzz,schema_validation,schema_validation,other_stage_first_hit
single_artifact_validator,V0209,F4,fuzz,schema_validation,schema_validation,other_stage_first_hit
single_artifact_validator,V0191,F4,fuzz,schema_validation,schema_validation,other_stage_first_hit
single_artifact_validator,V0187,F4,fuzz,schema_validation,schema_validation,other_stage_first_hit
single_artifact_validator,V0192,F4,fuzz,cross_artifact_preflight,cross_artifact_preflight,other_stage_first_hit
single_artifact_validator,V0219,F4,fuzz,schema_validation,schema_validation,other_stage_first_hit
single_artifact_validator,V0193,F4,fuzz,schema_validation,schema_validation,other_stage_first_hit
single_artifact_validator,V0188,F4,fuzz,schema_validation,schema_validation,other_stage_first_hit
single_artifact_validator,V0220,F4,fuzz,schema_validation,schema_validation,other_stage_first_hit
single_artifact_validator,V0210,F4,fuzz,schema_validation,schema_validation,other_stage_first_hit
single_artifact_validator,V0221,F4,fuzz,schema_validation,schema_validation,other_stage_first_hit
single_artifact_validator,V0211,F4,fuzz,schema_validation,schema_validation,other_stage_first_hit
single_artifact_validator,V0197,F4,fuzz,schema_validation,schema_validation,other_stage_first_hit
single_artifact_validator,V0198,F4,fuzz,schema_validation,schema_validation,other_stage_first_hit
single_artifact_validator,V0212,F4,fuzz,schema_validation,schema_validation,other_stage_first_hit
single_artifact_validator,V0222,F4,fuzz,schema_validation,schema_validation,other_stage_first_hit
single_artifact_validator,V0194,F4,fuzz,schema_validation,schema_validation,other_stage_first_hit
single_artifact_validator,V0213,F4,fuzz,schema_validation,schema_validation,other_stage_first_hit
single_artifact_validator,V0199,F4,fuzz,schema_validation,schema_validation,other_stage_first_hit
single_artifact_validator,V0223,F4,fuzz,schema_validation,schema_validation,other_stage_first_hit
single_artifact_validator,V0224,F4,fuzz,schema_validation,schema_validation,other_stage_first_hit
single_artifact_validator,V0204,F4,fuzz,schema_validation,schema_validation,other_stage_first_hit
single_artifact_validator,V0243,F5,directed,schema_validation,schema_validation,other_stage_first_hit
single_artifact_validator,V0241,F5,directed,schema_validation,schema_validation,other_stage_first_hit
single_artifact_validator,V0244,F5,directed,schema_validation,schema_validation,other_stage_first_hit
single_artifact_validator,V0242,F5,directed,schema_validation,schema_validation,other_stage_first_hit
single_artifact_validator,V0247,F5,directed,schema_validation,schema_validation,other_stage_first_hit
single_artifact_validator,V0245,F5,directed,schema_validation,schema_validation,other_stage_first_hit
single_artifact_validator,V0248,F5,directed,schema_validation,schema_validation,other_stage_first_hit
single_artifact_validator,V0246,F5,directed,schema_validation,schema_validation,other_stage_first_hit
single_artifact_validator,V0297,F5,directed,schema_validation,schema_validation,other_stage_first_hit
single_artifact_validator,V0295,F5,directed,schema_validation,schema_validation,other_stage_first_hit
single_artifact_validator,V0298,F5,directed,schema_validation,schema_validation,other_stage_first_hit
single_artifact_validator,V0296,F5,directed,schema_validation,schema_validation,other_stage_first_hit
single_artifact_validator,V0293,F5,directed,schema_validation,schema_validation,other_stage_first_hit
single_artifact_validator,V0291,F5,directed,schema_validation,schema_validation,other_stage_first_hit
single_artifact_validator,V0294,F5,directed,schema_validation,schema_validation,other_stage_first_hit
single_artifact_validator,V0292,F5,directed,schema_validation,schema_validation,other_stage_first_hit
single_artifact_validator,V0250,F5,directed,cross_artifact_preflight,cross_artifact_preflight,other_stage_first_hit
single_artifact_validator,V0299,F5,directed,cross_artifact_preflight,cross_artifact_preflight,other_stage_first_hit
single_artifact_validator,V0300,F5,directed,single_artifact_validator,cross_artifact_preflight,absorbed_by_later_layer
single_artifact_validator,V0249,F5,directed,schema_validation,schema_validation,other_stage_first_hit
single_artifact_validator,V0254,F5,fuzz,schema_validation,schema_validation,other_stage_first_hit
single_artifact_validator,V0273,F5,fuzz,schema_validation,schema_validation,other_stage_first_hit
single_artifact_validator,V0274,F5,fuzz,schema_validation,schema_validation,other_stage_first_hit
single_artifact_validator,V0265,F5,fuzz,escape,escape,baseline_escape
single_artifact_validator,V0266,F5,fuzz,escape,escape,baseline_escape
single_artifact_validator,V0281,F5,fuzz,schema_validation,schema_validation,other_stage_first_hit
single_artifact_validator,V0282,F5,fuzz,schema_validation,schema_validation,other_stage_first_hit
single_artifact_validator,V0283,F5,fuzz,schema_validation,schema_validation,other_stage_first_hit
single_artifact_validator,V0284,F5,fuzz,schema_validation,schema_validation,other_stage_first_hit
single_artifact_validator,V0260,F5,fuzz,schema_validation,schema_validation,other_stage_first_hit
single_artifact_validator,V0255,F5,fuzz,schema_validation,schema_validation,other_stage_first_hit
single_artifact_validator,V0285,F5,fuzz,schema_validation,schema_validation,other_stage_first_hit
single_artifact_validator,V0269,F5,fuzz,schema_validation,schema_validation,other_stage_first_hit
single_artifact_validator,V0256,F5,fuzz,schema_validation,schema_validation,other_stage_first_hit
single_artifact_validator,V0257,F5,fuzz,schema_validation,schema_validation,other_stage_first_hit
single_artifact_validator,V0286,F5,fuzz,schema_validation,schema_validation,other_stage_first_hit
single_artifact_validator,V0267,F5,fuzz,escape,escape,baseline_escape
single_artifact_validator,V0275,F5,fuzz,schema_validation,schema_validation,other_stage_first_hit
single_artifact_validator,V0261,F5,fuzz,schema_validation,schema_validation,other_stage_first_hit
single_artifact_validator,V0287,F5,fuzz,schema_validation,schema_validation,other_stage_first_hit
single_artifact_validator,V0262,F5,fuzz,approval_hash_binding,approval_hash_binding,other_stage_first_hit
single_artifact_validator,V0276,F5,fuzz,schema_validation,schema_validation,other_stage_first_hit
single_artifact_validator,V0263,F5,fuzz,schema_validation,schema_validation,other_stage_first_hit
single_artifact_validator,V0277,F5,fuzz,schema_validation,schema_validation,other_stage_first_hit
single_artifact_validator,V0270,F5,fuzz,schema_validation,schema_validation,other_stage_first_hit
single_artifact_validator,V0251,F5,fuzz,schema_validation,schema_validation,other_stage_first_hit
single_artifact_validator,V0258,F5,fuzz,escape,escape,baseline_escape
single_artifact_validator,V0252,F5,fuzz,schema_validation,schema_validation,other_stage_first_hit
single_artifact_validator,V0288,F5,fuzz,schema_validation,schema_validation,other_stage_first_hit
single_artifact_validator,V0278,F5,fuzz,approval_hash_binding,approval_hash_binding,other_stage_first_hit
single_artifact_validator,V0271,F5,fuzz,schema_validation,schema_validation,other_stage_first_hit
single_artifact_validator,V0289,F5,fuzz,schema_validation,schema_validation,other_stage_first_hit
single_artifact_validator,V0279,F5,fuzz,schema_validation,schema_validation,other_stage_first_hit
single_artifact_validator,V0264,F5,fuzz,schema_validation,schema_validation,other_stage_first_hit
single_artifact_validator,V0253,F5,fuzz,schema_validation,schema_validation,other_stage_first_hit
single_artifact_validator,V0259,F5,fuzz,schema_validation,schema_validation,other_stage_first_hit
single_artifact_validator,V0290,F5,fuzz,schema_validation,schema_validation,other_stage_first_hit
single_artifact_validator,V0272,F5,fuzz,schema_validation,schema_validation,other_stage_first_hit
single_artifact_validator,V0268,F5,fuzz,escape,escape,baseline_escape
single_artifact_validator,V0280,F5,fuzz,schema_validation,schema_validation,other_stage_first_hit
single_artifact_validator,V0311,F6,directed,single_artifact_validator,cross_artifact_preflight,absorbed_by_later_layer
single_artifact_validator,V0309,F6,directed,single_artifact_validator,cross_artifact_preflight,absorbed_by_later_layer
single_artifact_validator,V0310,F6,directed,single_artifact_validator,cross_artifact_preflight,absorbed_by_later_layer
single_artifact_validator,V0308,F6,directed,single_artifact_validator,cross_artifact_preflight,absorbed_by_later_layer
single_artifact_validator,V0312,F6,directed,cross_artifact_preflight,cross_artifact_preflight,other_stage_first_hit
single_artifact_validator,V0313,F6,directed,single_artifact_validator,cross_artifact_preflight,absorbed_by_later_layer
single_artifact_validator,V0321,F6,directed,cross_artifact_preflight,cross_artifact_preflight,other_stage_first_hit
single_artifact_validator,V0320,F6,directed,cross_artifact_preflight,cross_artifact_preflight,other_stage_first_hit
single_artifact_validator,V0319,F6,directed,cross_artifact_preflight,cross_artifact_preflight,other_stage_first_hit
single_artifact_validator,V0359,F6,directed,schema_validation,schema_validation,other_stage_first_hit
single_artifact_validator,V0360,F6,directed,schema_validation,schema_validation,other_stage_first_hit
single_artifact_validator,V0358,F6,directed,schema_validation,schema_validation,other_stage_first_hit
single_artifact_validator,V0318,F6,directed,schema_validation,schema_validation,other_stage_first_hit
single_artifact_validator,V0317,F6,directed,schema_validation,schema_validation,other_stage_first_hit
single_artifact_validator,V0314,F6,directed,schema_validation,schema_validation,other_stage_first_hit
single_artifact_validator,V0315,F6,directed,schema_validation,schema_validation,other_stage_first_hit
single_artifact_validator,V0316,F6,directed,schema_validation,schema_validation,other_stage_first_hit
single_artifact_validator,V0305,F6,directed,schema_validation,schema_validation,other_stage_first_hit
single_artifact_validator,V0301,F6,directed,schema_validation,schema_validation,other_stage_first_hit
single_artifact_validator,V0304,F6,directed,schema_validation,schema_validation,other_stage_first_hit
single_artifact_validator,V0306,F6,directed,schema_validation,schema_validation,other_stage_first_hit
single_artifact_validator,V0307,F6,directed,schema_validation,schema_validation,other_stage_first_hit
single_artifact_validator,V0302,F6,directed,schema_validation,schema_validation,other_stage_first_hit
single_artifact_validator,V0303,F6,directed,schema_validation,schema_validation,other_stage_first_hit
single_artifact_validator,V0338,F6,fuzz,escape,escape,baseline_escape
single_artifact_validator,V0339,F6,fuzz,escape,escape,baseline_escape
single_artifact_validator,V0344,F6,fuzz,schema_validation,schema_validation,other_stage_first_hit
single_artifact_validator,V0348,F6,fuzz,schema_validation,schema_validation,other_stage_first_hit
single_artifact_validator,V0322,F6,fuzz,schema_validation,schema_validation,other_stage_first_hit
single_artifact_validator,V0323,F6,fuzz,schema_validation,schema_validation,other_stage_first_hit
single_artifact_validator,V0324,F6,fuzz,schema_validation,schema_validation,other_stage_first_hit
single_artifact_validator,V0325,F6,fuzz,schema_validation,schema_validation,other_stage_first_hit
single_artifact_validator,V0340,F6,fuzz,escape,escape,baseline_escape
single_artifact_validator,V0349,F6,fuzz,schema_validation,schema_validation,other_stage_first_hit
single_artifact_validator,V0328,F6,fuzz,schema_validation,schema_validation,other_stage_first_hit
single_artifact_validator,V0353,F6,fuzz,schema_validation,schema_validation,other_stage_first_hit
single_artifact_validator,V0335,F6,fuzz,schema_validation,schema_validation,other_stage_first_hit
single_artifact_validator,V0329,F6,fuzz,schema_validation,schema_validation,other_stage_first_hit
single_artifact_validator,V0341,F6,fuzz,escape,escape,baseline_escape
single_artifact_validator,V0350,F6,fuzz,schema_validation,schema_validation,other_stage_first_hit
single_artifact_validator,V0326,F6,fuzz,schema_validation,schema_validation,other_stage_first_hit
single_artifact_validator,V0330,F6,fuzz,schema_validation,schema_validation,other_stage_first_hit
single_artifact_validator,V0327,F6,fuzz,schema_validation,schema_validation,other_stage_first_hit
single_artifact_validator,V0351,F6,fuzz,schema_validation,schema_validation,other_stage_first_hit
single_artifact_validator,V0354,F6,fuzz,schema_validation,schema_validation,other_stage_first_hit
single_artifact_validator,V0331,F6,fuzz,schema_validation,schema_validation,other_stage_first_hit
single_artifact_validator,V0332,F6,fuzz,schema_validation,schema_validation,other_stage_first_hit
single_artifact_validator,V0333,F6,fuzz,schema_validation,schema_validation,other_stage_first_hit
single_artifact_validator,V0345,F6,fuzz,schema_validation,schema_validation,other_stage_first_hit
single_artifact_validator,V0352,F6,fuzz,schema_validation,schema_validation,other_stage_first_hit
single_artifact_validator,V0342,F6,fuzz,escape,escape,baseline_escape
single_artifact_validator,V0355,F6,fuzz,schema_validation,schema_validation,other_stage_first_hit
single_artifact_validator,V0343,F6,fuzz,escape,escape,baseline_escape
single_artifact_validator,V0334,F6,fuzz,schema_validation,schema_validation,other_stage_first_hit
single_artifact_validator,V0346,F6,fuzz,schema_validation,schema_validation,other_stage_first_hit
single_artifact_validator,V0356,F6,fuzz,schema_validation,schema_validation,other_stage_first_hit
single_artifact_validator,V0347,F6,fuzz,schema_validation,schema_validation,other_stage_first_hit
single_artifact_validator,V0336,F6,fuzz,schema_validation,schema_validation,other_stage_first_hit
single_artifact_validator,V0337,F6,fuzz,schema_validation,schema_validation,other_stage_first_hit
single_artifact_validator,V0357,F6,fuzz,schema_validation,schema_validation,other_stage_first_hit
single_artifact_validator,V0364,F7,directed,orchestrator_revalidation,orchestrator_revalidation,other_stage_first_hit
single_artifact_validator,V0362,F7,directed,orchestrator_revalidation,orchestrator_revalidation,other_stage_first_hit
single_artifact_validator,V0363,F7,directed,orchestrator_revalidation,orchestrator_revalidation,other_stage_first_hit
single_artifact_validator,V0365,F7,directed,orchestrator_revalidation,orchestrator_revalidation,other_stage_first_hit
single_artifact_validator,V0361,F7,directed,orchestrator_revalidation,orchestrator_revalidation,other_stage_first_hit
approval_hash_binding,V0047,F1,directed,schema_validation,schema_validation,other_stage_first_hit
approval_hash_binding,V0050,F1,directed,schema_validation,schema_validation,other_stage_first_hit
approval_hash_binding,V0046,F1,directed,schema_validation,schema_validation,other_stage_first_hit
approval_hash_binding,V0049,F1,directed,schema_validation,schema_validation,other_stage_first_hit
approval_hash_binding,V0048,F1,directed,single_artifact_validator,single_artifact_validator,other_stage_first_hit
approval_hash_binding,V0052,F1,directed,approval_hash_binding,cross_artifact_preflight,absorbed_by_later_layer
approval_hash_binding,V0045,F1,directed,approval_hash_binding,cross_artifact_preflight,absorbed_by_later_layer
approval_hash_binding,V0051,F1,directed,approval_hash_binding,cross_artifact_preflight,absorbed_by_later_layer
approval_hash_binding,V0055,F1,directed,schema_validation,schema_validation,other_stage_first_hit
approval_hash_binding,V0058,F1,directed,schema_validation,schema_validation,other_stage_first_hit
approval_hash_binding,V0054,F1,directed,schema_validation,schema_validation,other_stage_first_hit
approval_hash_binding,V0057,F1,directed,schema_validation,schema_validation,other_stage_first_hit
approval_hash_binding,V0056,F1,directed,single_artifact_validator,single_artifact_validator,other_stage_first_hit
approval_hash_binding,V0060,F1,directed,approval_hash_binding,cross_artifact_preflight,absorbed_by_later_layer
approval_hash_binding,V0053,F1,directed,approval_hash_binding,cross_artifact_preflight,absorbed_by_later_layer
approval_hash_binding,V0059,F1,directed,approval_hash_binding,cross_artifact_preflight,absorbed_by_later_layer
approval_hash_binding,V0039,F1,directed,schema_validation,schema_validation,other_stage_first_hit
approval_hash_binding,V0042,F1,directed,schema_validation,schema_validation,other_stage_first_hit
approval_hash_binding,V0038,F1,directed,schema_validation,schema_validation,other_stage_first_hit
approval_hash_binding,V0041,F1,directed,schema_validation,schema_validation,other_stage_first_hit
approval_hash_binding,V0040,F1,directed,single_artifact_validator,single_artifact_validator,other_stage_first_hit
approval_hash_binding,V0036,F1,directed,approval_hash_binding,cross_artifact_preflight,absorbed_by_later_layer
approval_hash_binding,V0037,F1,directed,approval_hash_binding,cross_artifact_preflight,absorbed_by_later_layer
approval_hash_binding,V0044,F1,directed,approval_hash_binding,cross_artifact_preflight,absorbed_by_later_layer
approval_hash_binding,V0035,F1,directed,approval_hash_binding,cross_artifact_preflight,absorbed_by_later_layer
approval_hash_binding,V0043,F1,directed,approval_hash_binding,cross_artifact_preflight,absorbed_by_later_layer
approval_hash_binding,V0009,F1,directed,schema_validation,schema_validation,other_stage_first_hit
approval_hash_binding,V0012,F1,directed,schema_validation,schema_validation,other_stage_first_hit
approval_hash_binding,V0008,F1,directed,schema_validation,schema_validation,other_stage_first_hit
approval_hash_binding,V0011,F1,directed,schema_validation,schema_validation,other_stage_first_hit
approval_hash_binding,V0010,F1,directed,single_artifact_validator,single_artifact_validator,other_stage_first_hit
approval_hash_binding,V0006,F1,directed,escape,escape,baseline_escape
approval_hash_binding,V0007,F1,directed,escape,escape,baseline_escape
approval_hash_binding,V0014,F1,directed,escape,escape,baseline_escape
approval_hash_binding,V0005,F1,directed,escape,escape,baseline_escape
approval_hash_binding,V0013,F1,directed,escape,escape,baseline_escape
approval_hash_binding,V0002,F1,directed,schema_validation,schema_validation,other_stage_first_hit
approval_hash_binding,V0004,F1,directed,schema_validation,schema_validation,other_stage_first_hit
approval_hash_binding,V0001,F1,directed,schema_validation,schema_validation,other_stage_first_hit
approval_hash_binding,V0003,F1,directed,schema_validation,schema_validation,other_stage_first_hit
approval_hash_binding,V0031,F1,fuzz,schema_validation,schema_validation,other_stage_first_hit
approval_hash_binding,V0026,F1,fuzz,schema_validation,schema_validation,other_stage_first_hit
approval_hash_binding,V0019,F1,fuzz,schema_validation,schema_validation,other_stage_first_hit
approval_hash_binding,V0015,F1,fuzz,schema_validation,schema_validation,other_stage_first_hit
approval_hash_binding,V0032,F1,fuzz,schema_validation,schema_validation,other_stage_first_hit
approval_hash_binding,V0033,F1,fuzz,schema_validation,schema_validation,other_stage_first_hit
approval_hash_binding,V0020,F1,fuzz,schema_validation,schema_validation,other_stage_first_hit
approval_hash_binding,V0021,F1,fuzz,schema_validation,schema_validation,other_stage_first_hit
approval_hash_binding,V0016,F1,fuzz,schema_validation,schema_validation,other_stage_first_hit
approval_hash_binding,V0027,F1,fuzz,schema_validation,schema_validation,other_stage_first_hit
approval_hash_binding,V0028,F1,fuzz,schema_validation,schema_validation,other_stage_first_hit
approval_hash_binding,V0017,F1,fuzz,schema_validation,schema_validation,other_stage_first_hit
approval_hash_binding,V0029,F1,fuzz,schema_validation,schema_validation,other_stage_first_hit
approval_hash_binding,V0024,F1,fuzz,escape,escape,baseline_escape
approval_hash_binding,V0022,F1,fuzz,schema_validation,schema_validation,other_stage_first_hit
approval_hash_binding,V0030,F1,fuzz,schema_validation,schema_validation,other_stage_first_hit
approval_hash_binding,V0023,F1,fuzz,schema_validation,schema_validation,other_stage_first_hit
approval_hash_binding,V0018,F1,fuzz,schema_validation,schema_validation,other_stage_first_hit
approval_hash_binding,V0034,F1,fuzz,schema_validation,schema_validation,other_stage_first_hit
approval_hash_binding,V0025,F1,fuzz,escape,escape,baseline_escape
approval_hash_binding,V0068,F2,directed,cross_artifact_preflight,cross_artifact_preflight,other_stage_first_hit
approval_hash_binding,V0070,F2,directed,cross_artifact_preflight,cross_artifact_preflight,other_stage_first_hit
approval_hash_binding,V0069,F2,directed,cross_artifact_preflight,cross_artifact_preflight,other_stage_first_hit
approval_hash_binding,V0062,F2,directed,cross_artifact_preflight,cross_artifact_preflight,other_stage_first_hit
approval_hash_binding,V0061,F2,directed,cross_artifact_preflight,cross_artifact_preflight,other_stage_first_hit
approval_hash_binding,V0066,F2,directed,single_artifact_validator,single_artifact_validator,other_stage_first_hit
approval_hash_binding,V0067,F2,directed,single_artifact_validator,single_artifact_validator,other_stage_first_hit
approval_hash_binding,V0063,F2,directed,cross_artifact_preflight,cross_artifact_preflight,other_stage_first_hit
approval_hash_binding,V0064,F2,directed,cross_artifact_preflight,cross_artifact_preflight,other_stage_first_hit
approval_hash_binding,V0109,F2,directed,schema_validation,schema_validation,other_stage_first_hit
approval_hash_binding,V0110,F2,directed,schema_validation,schema_validation,other_stage_first_hit
approval_hash_binding,V0071,F2,directed,schema_validation,schema_validation,other_stage_first_hit
approval_hash_binding,V0065,F2,directed,schema_validation,schema_validation,other_stage_first_hit
approval_hash_binding,V0118,F2,directed,approval_hash_binding,cross_artifact_preflight,absorbed_by_later_layer
approval_hash_binding,V0119,F2,directed,approval_hash_binding,cross_artifact_preflight,absorbed_by_later_layer
approval_hash_binding,V0117,F2,directed,approval_hash_binding,cross_artifact_preflight,absorbed_by_later_layer
approval_hash_binding,V0120,F2,directed,approval_hash_binding,cross_artifact_preflight,absorbed_by_later_layer
approval_hash_binding,V0116,F2,directed,approval_hash_binding,cross_artifact_preflight,absorbed_by_later_layer
approval_hash_binding,V0115,F2,directed,approval_hash_binding,cross_artifact_preflight,absorbed_by_later_layer
approval_hash_binding,V0112,F2,directed,approval_hash_binding,cross_artifact_preflight,absorbed_by_later_layer
approval_hash_binding,V0111,F2,directed,approval_hash_binding,cross_artifact_preflight,absorbed_by_later_layer
approval_hash_binding,V0114,F2,directed,approval_hash_binding,cross_artifact_preflight,absorbed_by_later_layer
approval_hash_binding,V0113,F2,directed,approval_hash_binding,cross_artifact_preflight,absorbed_by_later_layer
approval_hash_binding,V0103,F2,fuzz,schema_validation,schema_validation,other_stage_first_hit
approval_hash_binding,V0085,F2,fuzz,schema_validation,schema_validation,other_stage_first_hit
approval_hash_binding,V0072,F2,fuzz,schema_validation,schema_validation,other_stage_first_hit
approval_hash_binding,V0079,F2,fuzz,escape,escape,baseline_escape
approval_hash_binding,V0080,F2,fuzz,schema_validation,schema_validation,other_stage_first_hit
approval_hash_binding,V0104,F2,fuzz,schema_validation,schema_validation,other_stage_first_hit
approval_hash_binding,V0073,F2,fuzz,schema_validation,schema_validation,other_stage_first_hit
approval_hash_binding,V0093,F2,fuzz,schema_validation,schema_validation,other_stage_first_hit
approval_hash_binding,V0074,F2,fuzz,schema_validation,schema_validation,other_stage_first_hit
approval_hash_binding,V0086,F2,fuzz,schema_validation,schema_validation,other_stage_first_hit
approval_hash_binding,V0094,F2,fuzz,schema_validation,schema_validation,other_stage_first_hit
approval_hash_binding,V0095,F2,fuzz,schema_validation,schema_validation,other_stage_first_hit
approval_hash_binding,V0105,F2,fuzz,schema_validation,schema_validation,other_stage_first_hit
approval_hash_binding,V0087,F2,fuzz,schema_validation,schema_validation,other_stage_first_hit
approval_hash_binding,V0081,F2,fuzz,schema_validation,schema_validation,other_stage_first_hit
approval_hash_binding,V0106,F2,fuzz,schema_validation,schema_validation,other_stage_first_hit
approval_hash_binding,V0088,F2,fuzz,schema_validation,schema_validation,other_stage_first_hit
approval_hash_binding,V0089,F2,fuzz,schema_validation,schema_validation,other_stage_first_hit
approval_hash_binding,V0099,F2,fuzz,schema_validation,schema_validation,other_stage_first_hit
approval_hash_binding,V0096,F2,fuzz,schema_validation,schema_validation,other_stage_first_hit
approval_hash_binding,V0100,F2,fuzz,schema_validation,schema_validation,other_stage_first_hit
approval_hash_binding,V0107,F2,fuzz,schema_validation,schema_validation,other_stage_first_hit
approval_hash_binding,V0075,F2,fuzz,approval_hash_binding,cross_artifact_preflight,absorbed_by_later_layer
approval_hash_binding,V0076,F2,fuzz,schema_validation,schema_validation,other_stage_first_hit
approval_hash_binding,V0097,F2,fuzz,schema_validation,schema_validation,other_stage_first_hit
approval_hash_binding,V0082,F2,fuzz,schema_validation,schema_validation,other_stage_first_hit
approval_hash_binding,V0090,F2,fuzz,schema_validation,schema_validation,other_stage_first_hit
approval_hash_binding,V0083,F2,fuzz,schema_validation,schema_validation,other_stage_first_hit
approval_hash_binding,V0098,F2,fuzz,schema_validation,schema_validation,other_stage_first_hit
approval_hash_binding,V0091,F2,fuzz,schema_validation,schema_validation,other_stage_first_hit
approval_hash_binding,V0077,F2,fuzz,schema_validation,schema_validation,other_stage_first_hit
approval_hash_binding,V0108,F2,fuzz,schema_validation,schema_validation,other_stage_first_hit
approval_hash_binding,V0092,F2,fuzz,schema_validation,schema_validation,other_stage_first_hit
approval_hash_binding,V0084,F2,fuzz,schema_validation,schema_validation,other_stage_first_hit
approval_hash_binding,V0078,F2,fuzz,schema_validation,schema_validation,other_stage_first_hit
approval_hash_binding,V0101,F2,fuzz,schema_validation,schema_validation,other_stage_first_hit
approval_hash_binding,V0102,F2,fuzz,schema_validation,schema_validation,other_stage_first_hit
approval_hash_binding,V0121,F3,directed,approval_hash_binding,cross_artifact_preflight,absorbed_by_later_layer
approval_hash_binding,V0122,F3,directed,single_artifact_validator,single_artifact_validator,other_stage_first_hit
approval_hash_binding,V0123,F3,directed,approval_hash_binding,cross_artifact_preflight,absorbed_by_later_layer
approval_hash_binding,V0180,F3,directed,approval_hash_binding,cross_artifact_preflight,absorbed_by_later_layer
approval_hash_binding,V0127,F3,directed,schema_validation,schema_validation,other_stage_first_hit
approval_hash_binding,V0126,F3,directed,approval_hash_binding,cross_artifact_preflight,absorbed_by_later_layer
approval_hash_binding,V0125,F3,directed,approval_hash_binding,cross_artifact_preflight,absorbed_by_later_layer
approval_hash_binding,V0124,F3,directed,approval_hash_binding,cross_artifact_preflight,absorbed_by_later_layer
approval_hash_binding,V0173,F3,directed,approval_hash_binding,cross_artifact_preflight,absorbed_by_later_layer
approval_hash_binding,V0172,F3,directed,approval_hash_binding,cross_artifact_preflight,absorbed_by_later_layer
approval_hash_binding,V0171,F3,directed,approval_hash_binding,cross_artifact_preflight,absorbed_by_later_layer
approval_hash_binding,V0175,F3,directed,approval_hash_binding,cross_artifact_preflight,absorbed_by_later_layer
approval_hash_binding,V0174,F3,directed,approval_hash_binding,cross_artifact_preflight,absorbed_by_later_layer
approval_hash_binding,V0170,F3,directed,single_artifact_validator,single_artifact_validator,other_stage_first_hit
approval_hash_binding,V0179,F3,directed,orchestrator_revalidation,orchestrator_revalidation,other_stage_first_hit
approval_hash_binding,V0178,F3,directed,orchestrator_revalidation,orchestrator_revalidation,other_stage_first_hit
approval_hash_binding,V0177,F3,directed,orchestrator_revalidation,orchestrator_revalidation,other_stage_first_hit
approval_hash_binding,V0176,F3,directed,orchestrator_revalidation,orchestrator_revalidation,other_stage_first_hit
approval_hash_binding,V0160,F3,fuzz,schema_validation,schema_validation,other_stage_first_hit
approval_hash_binding,V0146,F3,fuzz,schema_validation,schema_validation,other_stage_first_hit
approval_hash_binding,V0137,F3,fuzz,schema_validation,schema_validation,other_stage_first_hit
approval_hash_binding,V0128,F3,fuzz,schema_validation,schema_validation,other_stage_first_hit
approval_hash_binding,V0147,F3,fuzz,schema_validation,schema_validation,other_stage_first_hit
approval_hash_binding,V0161,F3,fuzz,schema_validation,schema_validation,other_stage_first_hit
approval_hash_binding,V0152,F3,fuzz,escape,escape,baseline_escape
approval_hash_binding,V0162,F3,fuzz,schema_validation,schema_validation,other_stage_first_hit
approval_hash_binding,V0163,F3,fuzz,schema_validation,schema_validation,other_stage_first_hit
approval_hash_binding,V0129,F3,fuzz,schema_validation,schema_validation,other_stage_first_hit
approval_hash_binding,V0130,F3,fuzz,schema_validation,schema_validation,other_stage_first_hit
approval_hash_binding,V0131,F3,fuzz,schema_validation,schema_validation,other_stage_first_hit
approval_hash_binding,V0164,F3,fuzz,schema_validation,schema_validation,other_stage_first_hit
approval_hash_binding,V0148,F3,fuzz,schema_validation,schema_validation,other_stage_first_hit
approval_hash_binding,V0132,F3,fuzz,schema_validation,schema_validation,other_stage_first_hit
approval_hash_binding,V0138,F3,fuzz,schema_validation,schema_validation,other_stage_first_hit
approval_hash_binding,V0149,F3,fuzz,schema_validation,schema_validation,other_stage_first_hit
approval_hash_binding,V0133,F3,fuzz,schema_validation,schema_validation,other_stage_first_hit
approval_hash_binding,V0139,F3,fuzz,schema_validation,schema_validation,other_stage_first_hit
approval_hash_binding,V0134,F3,fuzz,schema_validation,schema_validation,other_stage_first_hit
approval_hash_binding,V0135,F3,fuzz,schema_validation,schema_validation,other_stage_first_hit
approval_hash_binding,V0140,F3,fuzz,schema_validation,schema_validation,other_stage_first_hit
approval_hash_binding,V0141,F3,fuzz,schema_validation,schema_validation,other_stage_first_hit
approval_hash_binding,V0142,F3,fuzz,schema_validation,schema_validation,other_stage_first_hit
approval_hash_binding,V0143,F3,fuzz,schema_validation,schema_validation,other_stage_first_hit
approval_hash_binding,V0165,F3,fuzz,schema_validation,schema_validation,other_stage_first_hit
approval_hash_binding,V0144,F3,fuzz,schema_validation,schema_validation,other_stage_first_hit
approval_hash_binding,V0155,F3,fuzz,schema_validation,schema_validation,other_stage_first_hit
approval_hash_binding,V0156,F3,fuzz,schema_validation,schema_validation,other_stage_first_hit
approval_hash_binding,V0153,F3,fuzz,escape,escape,baseline_escape
approval_hash_binding,V0150,F3,fuzz,schema_validation,schema_validation,other_stage_first_hit
approval_hash_binding,V0157,F3,fuzz,schema_validation,schema_validation,other_stage_first_hit
approval_hash_binding,V0166,F3,fuzz,schema_validation,schema_validation,other_stage_first_hit
approval_hash_binding,V0167,F3,fuzz,schema_validation,schema_validation,other_stage_first_hit
approval_hash_binding,V0168,F3,fuzz,schema_validation,schema_validation,other_stage_first_hit
approval_hash_binding,V0158,F3,fuzz,schema_validation,schema_validation,other_stage_first_hit
approval_hash_binding,V0145,F3,fuzz,schema_validation,schema_validation,other_stage_first_hit
approval_hash_binding,V0136,F3,fuzz,schema_validation,schema_validation,other_stage_first_hit
approval_hash_binding,V0169,F3,fuzz,schema_validation,schema_validation,other_stage_first_hit
approval_hash_binding,V0154,F3,fuzz,schema_validation,schema_validation,other_stage_first_hit
approval_hash_binding,V0159,F3,fuzz,schema_validation,schema_validation,other_stage_first_hit
approval_hash_binding,V0151,F3,fuzz,schema_validation,schema_validation,other_stage_first_hit
approval_hash_binding,V0239,F4,directed,cross_artifact_preflight,cross_artifact_preflight,other_stage_first_hit
approval_hash_binding,V0238,F4,directed,cross_artifact_preflight,cross_artifact_preflight,other_stage_first_hit
approval_hash_binding,V0230,F4,directed,single_artifact_validator,single_artifact_validator,other_stage_first_hit
approval_hash_binding,V0228,F4,directed,single_artifact_validator,single_artifact_validator,other_stage_first_hit
approval_hash_binding,V0229,F4,directed,cross_artifact_preflight,cross_artifact_preflight,other_stage_first_hit
approval_hash_binding,V0232,F4,directed,single_artifact_validator,single_artifact_validator,other_stage_first_hit
approval_hash_binding,V0231,F4,directed,single_artifact_validator,single_artifact_validator,other_stage_first_hit
approval_hash_binding,V0235,F4,directed,cross_artifact_preflight,cross_artifact_preflight,other_stage_first_hit
approval_hash_binding,V0226,F4,directed,schema_validation,schema_validation,other_stage_first_hit
approval_hash_binding,V0237,F4,directed,schema_validation,schema_validation,other_stage_first_hit
approval_hash_binding,V0234,F4,directed,schema_validation,schema_validation,other_stage_first_hit
approval_hash_binding,V0233,F4,directed,single_artifact_validator,single_artifact_validator,other_stage_first_hit
approval_hash_binding,V0225,F4,directed,schema_validation,schema_validation,other_stage_first_hit
approval_hash_binding,V0240,F4,directed,schema_validation,schema_validation,other_stage_first_hit
approval_hash_binding,V0236,F4,directed,schema_validation,schema_validation,other_stage_first_hit
approval_hash_binding,V0227,F4,directed,single_artifact_validator,single_artifact_validator,other_stage_first_hit
approval_hash_binding,V0205,F4,fuzz,schema_validation,schema_validation,other_stage_first_hit
approval_hash_binding,V0206,F4,fuzz,schema_validation,schema_validation,other_stage_first_hit
approval_hash_binding,V0207,F4,fuzz,schema_validation,schema_validation,other_stage_first_hit
approval_hash_binding,V0181,F4,fuzz,schema_validation,schema_validation,other_stage_first_hit
approval_hash_binding,V0182,F4,fuzz,schema_validation,schema_validation,other_stage_first_hit
approval_hash_binding,V0200,F4,fuzz,schema_validation,schema_validation,other_stage_first_hit
approval_hash_binding,V0201,F4,fuzz,schema_validation,schema_validation,other_stage_first_hit
approval_hash_binding,V0208,F4,fuzz,schema_validation,schema_validation,other_stage_first_hit
approval_hash_binding,V0214,F4,fuzz,schema_validation,schema_validation,other_stage_first_hit
approval_hash_binding,V0183,F4,fuzz,schema_validation,schema_validation,other_stage_first_hit
approval_hash_binding,V0202,F4,fuzz,schema_validation,schema_validation,other_stage_first_hit
approval_hash_binding,V0215,F4,fuzz,schema_validation,schema_validation,other_stage_first_hit
approval_hash_binding,V0216,F4,fuzz,schema_validation,schema_validation,other_stage_first_hit
approval_hash_binding,V0203,F4,fuzz,schema_validation,schema_validation,other_stage_first_hit
approval_hash_binding,V0189,F4,fuzz,schema_validation,schema_validation,other_stage_first_hit
approval_hash_binding,V0184,F4,fuzz,schema_validation,schema_validation,other_stage_first_hit
approval_hash_binding,V0185,F4,fuzz,schema_validation,schema_validation,other_stage_first_hit
approval_hash_binding,V0217,F4,fuzz,schema_validation,schema_validation,other_stage_first_hit
approval_hash_binding,V0195,F4,fuzz,schema_validation,schema_validation,other_stage_first_hit
approval_hash_binding,V0190,F4,fuzz,schema_validation,schema_validation,other_stage_first_hit
approval_hash_binding,V0186,F4,fuzz,schema_validation,schema_validation,other_stage_first_hit
approval_hash_binding,V0196,F4,fuzz,approval_hash_binding,cross_artifact_preflight,absorbed_by_later_layer
approval_hash_binding,V0218,F4,fuzz,schema_validation,schema_validation,other_stage_first_hit
approval_hash_binding,V0209,F4,fuzz,schema_validation,schema_validation,other_stage_first_hit
approval_hash_binding,V0191,F4,fuzz,schema_validation,schema_validation,other_stage_first_hit
approval_hash_binding,V0187,F4,fuzz,schema_validation,schema_validation,other_stage_first_hit
approval_hash_binding,V0192,F4,fuzz,cross_artifact_preflight,cross_artifact_preflight,other_stage_first_hit
approval_hash_binding,V0219,F4,fuzz,schema_validation,schema_validation,other_stage_first_hit
approval_hash_binding,V0193,F4,fuzz,schema_validation,schema_validation,other_stage_first_hit
approval_hash_binding,V0188,F4,fuzz,schema_validation,schema_validation,other_stage_first_hit
approval_hash_binding,V0220,F4,fuzz,schema_validation,schema_validation,other_stage_first_hit
approval_hash_binding,V0210,F4,fuzz,schema_validation,schema_validation,other_stage_first_hit
approval_hash_binding,V0221,F4,fuzz,schema_validation,schema_validation,other_stage_first_hit
approval_hash_binding,V0211,F4,fuzz,schema_validation,schema_validation,other_stage_first_hit
approval_hash_binding,V0197,F4,fuzz,schema_validation,schema_validation,other_stage_first_hit
approval_hash_binding,V0198,F4,fuzz,schema_validation,schema_validation,other_stage_first_hit
approval_hash_binding,V0212,F4,fuzz,schema_validation,schema_validation,other_stage_first_hit
approval_hash_binding,V0222,F4,fuzz,schema_validation,schema_validation,other_stage_first_hit
approval_hash_binding,V0194,F4,fuzz,schema_validation,schema_validation,other_stage_first_hit
approval_hash_binding,V0213,F4,fuzz,schema_validation,schema_validation,other_stage_first_hit
approval_hash_binding,V0199,F4,fuzz,schema_validation,schema_validation,other_stage_first_hit
approval_hash_binding,V0223,F4,fuzz,schema_validation,schema_validation,other_stage_first_hit
approval_hash_binding,V0224,F4,fuzz,schema_validation,schema_validation,other_stage_first_hit
approval_hash_binding,V0204,F4,fuzz,schema_validation,schema_validation,other_stage_first_hit
approval_hash_binding,V0243,F5,directed,schema_validation,schema_validation,other_stage_first_hit
approval_hash_binding,V0241,F5,directed,schema_validation,schema_validation,other_stage_first_hit
approval_hash_binding,V0244,F5,directed,schema_validation,schema_validation,other_stage_first_hit
approval_hash_binding,V0242,F5,directed,schema_validation,schema_validation,other_stage_first_hit
approval_hash_binding,V0247,F5,directed,schema_validation,schema_validation,other_stage_first_hit
approval_hash_binding,V0245,F5,directed,schema_validation,schema_validation,other_stage_first_hit
approval_hash_binding,V0248,F5,directed,schema_validation,schema_validation,other_stage_first_hit
approval_hash_binding,V0246,F5,directed,schema_validation,schema_validation,other_stage_first_hit
approval_hash_binding,V0297,F5,directed,schema_validation,schema_validation,other_stage_first_hit
approval_hash_binding,V0295,F5,directed,schema_validation,schema_validation,other_stage_first_hit
approval_hash_binding,V0298,F5,directed,schema_validation,schema_validation,other_stage_first_hit
approval_hash_binding,V0296,F5,directed,schema_validation,schema_validation,other_stage_first_hit
approval_hash_binding,V0293,F5,directed,schema_validation,schema_validation,other_stage_first_hit
approval_hash_binding,V0291,F5,directed,schema_validation,schema_validation,other_stage_first_hit
approval_hash_binding,V0294,F5,directed,schema_validation,schema_validation,other_stage_first_hit
approval_hash_binding,V0292,F5,directed,schema_validation,schema_validation,other_stage_first_hit
approval_hash_binding,V0250,F5,directed,cross_artifact_preflight,cross_artifact_preflight,other_stage_first_hit
approval_hash_binding,V0299,F5,directed,cross_artifact_preflight,cross_artifact_preflight,other_stage_first_hit
approval_hash_binding,V0300,F5,directed,single_artifact_validator,single_artifact_validator,other_stage_first_hit
approval_hash_binding,V0249,F5,directed,schema_validation,schema_validation,other_stage_first_hit
approval_hash_binding,V0254,F5,fuzz,schema_validation,schema_validation,other_stage_first_hit
approval_hash_binding,V0273,F5,fuzz,schema_validation,schema_validation,other_stage_first_hit
approval_hash_binding,V0274,F5,fuzz,schema_validation,schema_validation,other_stage_first_hit
approval_hash_binding,V0265,F5,fuzz,escape,escape,baseline_escape
approval_hash_binding,V0266,F5,fuzz,escape,escape,baseline_escape
approval_hash_binding,V0281,F5,fuzz,schema_validation,schema_validation,other_stage_first_hit
approval_hash_binding,V0282,F5,fuzz,schema_validation,schema_validation,other_stage_first_hit
approval_hash_binding,V0283,F5,fuzz,schema_validation,schema_validation,other_stage_first_hit
approval_hash_binding,V0284,F5,fuzz,schema_validation,schema_validation,other_stage_first_hit
approval_hash_binding,V0260,F5,fuzz,schema_validation,schema_validation,other_stage_first_hit
approval_hash_binding,V0255,F5,fuzz,schema_validation,schema_validation,other_stage_first_hit
approval_hash_binding,V0285,F5,fuzz,schema_validation,schema_validation,other_stage_first_hit
approval_hash_binding,V0269,F5,fuzz,schema_validation,schema_validation,other_stage_first_hit
approval_hash_binding,V0256,F5,fuzz,schema_validation,schema_validation,other_stage_first_hit
approval_hash_binding,V0257,F5,fuzz,schema_validation,schema_validation,other_stage_first_hit
approval_hash_binding,V0286,F5,fuzz,schema_validation,schema_validation,other_stage_first_hit
approval_hash_binding,V0267,F5,fuzz,escape,escape,baseline_escape
approval_hash_binding,V0275,F5,fuzz,schema_validation,schema_validation,other_stage_first_hit
approval_hash_binding,V0261,F5,fuzz,schema_validation,schema_validation,other_stage_first_hit
approval_hash_binding,V0287,F5,fuzz,schema_validation,schema_validation,other_stage_first_hit
approval_hash_binding,V0262,F5,fuzz,approval_hash_binding,cross_artifact_preflight,absorbed_by_later_layer
approval_hash_binding,V0276,F5,fuzz,schema_validation,schema_validation,other_stage_first_hit
approval_hash_binding,V0263,F5,fuzz,schema_validation,schema_validation,other_stage_first_hit
approval_hash_binding,V0277,F5,fuzz,schema_validation,schema_validation,other_stage_first_hit
approval_hash_binding,V0270,F5,fuzz,schema_validation,schema_validation,other_stage_first_hit
approval_hash_binding,V0251,F5,fuzz,schema_validation,schema_validation,other_stage_first_hit
approval_hash_binding,V0258,F5,fuzz,escape,escape,baseline_escape
approval_hash_binding,V0252,F5,fuzz,schema_validation,schema_validation,other_stage_first_hit
approval_hash_binding,V0288,F5,fuzz,schema_validation,schema_validation,other_stage_first_hit
approval_hash_binding,V0278,F5,fuzz,approval_hash_binding,cross_artifact_preflight,absorbed_by_later_layer
approval_hash_binding,V0271,F5,fuzz,schema_validation,schema_validation,other_stage_first_hit
approval_hash_binding,V0289,F5,fuzz,schema_validation,schema_validation,other_stage_first_hit
approval_hash_binding,V0279,F5,fuzz,schema_validation,schema_validation,other_stage_first_hit
approval_hash_binding,V0264,F5,fuzz,schema_validation,schema_validation,other_stage_first_hit
approval_hash_binding,V0253,F5,fuzz,schema_validation,schema_validation,other_stage_first_hit
approval_hash_binding,V0259,F5,fuzz,schema_validation,schema_validation,other_stage_first_hit
approval_hash_binding,V0290,F5,fuzz,schema_validation,schema_validation,other_stage_first_hit
approval_hash_binding,V0272,F5,fuzz,schema_validation,schema_validation,other_stage_first_hit
approval_hash_binding,V0268,F5,fuzz,escape,escape,baseline_escape
approval_hash_binding,V0280,F5,fuzz,schema_validation,schema_validation,other_stage_first_hit
approval_hash_binding,V0311,F6,directed,single_artifact_validator,single_artifact_validator,other_stage_first_hit
approval_hash_binding,V0309,F6,directed,single_artifact_validator,single_artifact_validator,other_stage_first_hit
approval_hash_binding,V0310,F6,directed,single_artifact_validator,single_artifact_validator,other_stage_first_hit
approval_hash_binding,V0308,F6,directed,single_artifact_validator,single_artifact_validator,other_stage_first_hit
approval_hash_binding,V0312,F6,directed,cross_artifact_preflight,cross_artifact_preflight,other_stage_first_hit
approval_hash_binding,V0313,F6,directed,single_artifact_validator,single_artifact_validator,other_stage_first_hit
approval_hash_binding,V0321,F6,directed,cross_artifact_preflight,cross_artifact_preflight,other_stage_first_hit
approval_hash_binding,V0320,F6,directed,cross_artifact_preflight,cross_artifact_preflight,other_stage_first_hit
approval_hash_binding,V0319,F6,directed,cross_artifact_preflight,cross_artifact_preflight,other_stage_first_hit
approval_hash_binding,V0359,F6,directed,schema_validation,schema_validation,other_stage_first_hit
approval_hash_binding,V0360,F6,directed,schema_validation,schema_validation,other_stage_first_hit
approval_hash_binding,V0358,F6,directed,schema_validation,schema_validation,other_stage_first_hit
approval_hash_binding,V0318,F6,directed,schema_validation,schema_validation,other_stage_first_hit
approval_hash_binding,V0317,F6,directed,schema_validation,schema_validation,other_stage_first_hit
approval_hash_binding,V0314,F6,directed,schema_validation,schema_validation,other_stage_first_hit
approval_hash_binding,V0315,F6,directed,schema_validation,schema_validation,other_stage_first_hit
approval_hash_binding,V0316,F6,directed,schema_validation,schema_validation,other_stage_first_hit
approval_hash_binding,V0305,F6,directed,schema_validation,schema_validation,other_stage_first_hit
approval_hash_binding,V0301,F6,directed,schema_validation,schema_validation,other_stage_first_hit
approval_hash_binding,V0304,F6,directed,schema_validation,schema_validation,other_stage_first_hit
approval_hash_binding,V0306,F6,directed,schema_validation,schema_validation,other_stage_first_hit
approval_hash_binding,V0307,F6,directed,schema_validation,schema_validation,other_stage_first_hit
approval_hash_binding,V0302,F6,directed,schema_validation,schema_validation,other_stage_first_hit
approval_hash_binding,V0303,F6,directed,schema_validation,schema_validation,other_stage_first_hit
approval_hash_binding,V0338,F6,fuzz,escape,escape,baseline_escape
approval_hash_binding,V0339,F6,fuzz,escape,escape,baseline_escape
approval_hash_binding,V0344,F6,fuzz,schema_validation,schema_validation,other_stage_first_hit
approval_hash_binding,V0348,F6,fuzz,schema_validation,schema_validation,other_stage_first_hit
approval_hash_binding,V0322,F6,fuzz,schema_validation,schema_validation,other_stage_first_hit
approval_hash_binding,V0323,F6,fuzz,schema_validation,schema_validation,other_stage_first_hit
approval_hash_binding,V0324,F6,fuzz,schema_validation,schema_validation,other_stage_first_hit
approval_hash_binding,V0325,F6,fuzz,schema_validation,schema_validation,other_stage_first_hit
approval_hash_binding,V0340,F6,fuzz,escape,escape,baseline_escape
approval_hash_binding,V0349,F6,fuzz,schema_validation,schema_validation,other_stage_first_hit
approval_hash_binding,V0328,F6,fuzz,schema_validation,schema_validation,other_stage_first_hit
approval_hash_binding,V0353,F6,fuzz,schema_validation,schema_validation,other_stage_first_hit
approval_hash_binding,V0335,F6,fuzz,schema_validation,schema_validation,other_stage_first_hit
approval_hash_binding,V0329,F6,fuzz,schema_validation,schema_validation,other_stage_first_hit
approval_hash_binding,V0341,F6,fuzz,escape,escape,baseline_escape
approval_hash_binding,V0350,F6,fuzz,schema_validation,schema_validation,other_stage_first_hit
approval_hash_binding,V0326,F6,fuzz,schema_validation,schema_validation,other_stage_first_hit
approval_hash_binding,V0330,F6,fuzz,schema_validation,schema_validation,other_stage_first_hit
approval_hash_binding,V0327,F6,fuzz,schema_validation,schema_validation,other_stage_first_hit
approval_hash_binding,V0351,F6,fuzz,schema_validation,schema_validation,other_stage_first_hit
approval_hash_binding,V0354,F6,fuzz,schema_validation,schema_validation,other_stage_first_hit
approval_hash_binding,V0331,F6,fuzz,schema_validation,schema_validation,other_stage_first_hit
approval_hash_binding,V0332,F6,fuzz,schema_validation,schema_validation,other_stage_first_hit
approval_hash_binding,V0333,F6,fuzz,schema_validation,schema_validation,other_stage_first_hit
approval_hash_binding,V0345,F6,fuzz,schema_validation,schema_validation,other_stage_first_hit
approval_hash_binding,V0352,F6,fuzz,schema_validation,schema_validation,other_stage_first_hit
approval_hash_binding,V0342,F6,fuzz,escape,escape,baseline_escape
approval_hash_binding,V0355,F6,fuzz,schema_validation,schema_validation,other_stage_first_hit
approval_hash_binding,V0343,F6,fuzz,escape,escape,baseline_escape
approval_hash_binding,V0334,F6,fuzz,schema_validation,schema_validation,other_stage_first_hit
approval_hash_binding,V0346,F6,fuzz,schema_validation,schema_validation,other_stage_first_hit
approval_hash_binding,V0356,F6,fuzz,schema_validation,schema_validation,other_stage_first_hit
approval_hash_binding,V0347,F6,fuzz,schema_validation,schema_validation,other_stage_first_hit
approval_hash_binding,V0336,F6,fuzz,schema_validation,schema_validation,other_stage_first_hit
approval_hash_binding,V0337,F6,fuzz,schema_validation,schema_validation,other_stage_first_hit
approval_hash_binding,V0357,F6,fuzz,schema_validation,schema_validation,other_stage_first_hit
approval_hash_binding,V0364,F7,directed,orchestrator_revalidation,orchestrator_revalidation,other_stage_first_hit
approval_hash_binding,V0362,F7,directed,orchestrator_revalidation,orchestrator_revalidation,other_stage_first_hit
approval_hash_binding,V0363,F7,directed,orchestrator_revalidation,orchestrator_revalidation,other_stage_first_hit
approval_hash_binding,V0365,F7,directed,orchestrator_revalidation,orchestrator_revalidation,other_stage_first_hit
approval_hash_binding,V0361,F7,directed,orchestrator_revalidation,orchestrator_revalidation,other_stage_first_hit
cross_artifact_preflight,V0047,F1,directed,schema_validation,schema_validation,other_stage_first_hit
cross_artifact_preflight,V0050,F1,directed,schema_validation,schema_validation,other_stage_first_hit
cross_artifact_preflight,V0046,F1,directed,schema_validation,schema_validation,other_stage_first_hit
cross_artifact_preflight,V0049,F1,directed,schema_validation,schema_validation,other_stage_first_hit
cross_artifact_preflight,V0048,F1,directed,single_artifact_validator,single_artifact_validator,other_stage_first_hit
cross_artifact_preflight,V0052,F1,directed,approval_hash_binding,approval_hash_binding,other_stage_first_hit
cross_artifact_preflight,V0045,F1,directed,approval_hash_binding,approval_hash_binding,other_stage_first_hit
cross_artifact_preflight,V0051,F1,directed,approval_hash_binding,approval_hash_binding,other_stage_first_hit
cross_artifact_preflight,V0055,F1,directed,schema_validation,schema_validation,other_stage_first_hit
cross_artifact_preflight,V0058,F1,directed,schema_validation,schema_validation,other_stage_first_hit
cross_artifact_preflight,V0054,F1,directed,schema_validation,schema_validation,other_stage_first_hit
cross_artifact_preflight,V0057,F1,directed,schema_validation,schema_validation,other_stage_first_hit
cross_artifact_preflight,V0056,F1,directed,single_artifact_validator,single_artifact_validator,other_stage_first_hit
cross_artifact_preflight,V0060,F1,directed,approval_hash_binding,approval_hash_binding,other_stage_first_hit
cross_artifact_preflight,V0053,F1,directed,approval_hash_binding,approval_hash_binding,other_stage_first_hit
cross_artifact_preflight,V0059,F1,directed,approval_hash_binding,approval_hash_binding,other_stage_first_hit
cross_artifact_preflight,V0039,F1,directed,schema_validation,schema_validation,other_stage_first_hit
cross_artifact_preflight,V0042,F1,directed,schema_validation,schema_validation,other_stage_first_hit
cross_artifact_preflight,V0038,F1,directed,schema_validation,schema_validation,other_stage_first_hit
cross_artifact_preflight,V0041,F1,directed,schema_validation,schema_validation,other_stage_first_hit
cross_artifact_preflight,V0040,F1,directed,single_artifact_validator,single_artifact_validator,other_stage_first_hit
cross_artifact_preflight,V0036,F1,directed,approval_hash_binding,approval_hash_binding,other_stage_first_hit
cross_artifact_preflight,V0037,F1,directed,approval_hash_binding,approval_hash_binding,other_stage_first_hit
cross_artifact_preflight,V0044,F1,directed,approval_hash_binding,approval_hash_binding,other_stage_first_hit
cross_artifact_preflight,V0035,F1,directed,approval_hash_binding,approval_hash_binding,other_stage_first_hit
cross_artifact_preflight,V0043,F1,directed,approval_hash_binding,approval_hash_binding,other_stage_first_hit
cross_artifact_preflight,V0009,F1,directed,schema_validation,schema_validation,other_stage_first_hit
cross_artifact_preflight,V0012,F1,directed,schema_validation,schema_validation,other_stage_first_hit
cross_artifact_preflight,V0008,F1,directed,schema_validation,schema_validation,other_stage_first_hit
cross_artifact_preflight,V0011,F1,directed,schema_validation,schema_validation,other_stage_first_hit
cross_artifact_preflight,V0010,F1,directed,single_artifact_validator,single_artifact_validator,other_stage_first_hit
cross_artifact_preflight,V0006,F1,directed,escape,escape,baseline_escape
cross_artifact_preflight,V0007,F1,directed,escape,escape,baseline_escape
cross_artifact_preflight,V0014,F1,directed,escape,escape,baseline_escape
cross_artifact_preflight,V0005,F1,directed,escape,escape,baseline_escape
cross_artifact_preflight,V0013,F1,directed,escape,escape,baseline_escape
cross_artifact_preflight,V0002,F1,directed,schema_validation,schema_validation,other_stage_first_hit
cross_artifact_preflight,V0004,F1,directed,schema_validation,schema_validation,other_stage_first_hit
cross_artifact_preflight,V0001,F1,directed,schema_validation,schema_validation,other_stage_first_hit
cross_artifact_preflight,V0003,F1,directed,schema_validation,schema_validation,other_stage_first_hit
cross_artifact_preflight,V0031,F1,fuzz,schema_validation,schema_validation,other_stage_first_hit
cross_artifact_preflight,V0026,F1,fuzz,schema_validation,schema_validation,other_stage_first_hit
cross_artifact_preflight,V0019,F1,fuzz,schema_validation,schema_validation,other_stage_first_hit
cross_artifact_preflight,V0015,F1,fuzz,schema_validation,schema_validation,other_stage_first_hit
cross_artifact_preflight,V0032,F1,fuzz,schema_validation,schema_validation,other_stage_first_hit
cross_artifact_preflight,V0033,F1,fuzz,schema_validation,schema_validation,other_stage_first_hit
cross_artifact_preflight,V0020,F1,fuzz,schema_validation,schema_validation,other_stage_first_hit
cross_artifact_preflight,V0021,F1,fuzz,schema_validation,schema_validation,other_stage_first_hit
cross_artifact_preflight,V0016,F1,fuzz,schema_validation,schema_validation,other_stage_first_hit
cross_artifact_preflight,V0027,F1,fuzz,schema_validation,schema_validation,other_stage_first_hit
cross_artifact_preflight,V0028,F1,fuzz,schema_validation,schema_validation,other_stage_first_hit
cross_artifact_preflight,V0017,F1,fuzz,schema_validation,schema_validation,other_stage_first_hit
cross_artifact_preflight,V0029,F1,fuzz,schema_validation,schema_validation,other_stage_first_hit
cross_artifact_preflight,V0024,F1,fuzz,escape,escape,baseline_escape
cross_artifact_preflight,V0022,F1,fuzz,schema_validation,schema_validation,other_stage_first_hit
cross_artifact_preflight,V0030,F1,fuzz,schema_validation,schema_validation,other_stage_first_hit
cross_artifact_preflight,V0023,F1,fuzz,schema_validation,schema_validation,other_stage_first_hit
cross_artifact_preflight,V0018,F1,fuzz,schema_validation,schema_validation,other_stage_first_hit
cross_artifact_preflight,V0034,F1,fuzz,schema_validation,schema_validation,other_stage_first_hit
cross_artifact_preflight,V0025,F1,fuzz,escape,escape,baseline_escape
cross_artifact_preflight,V0068,F2,directed,cross_artifact_preflight,escape,newly_escaping
cross_artifact_preflight,V0070,F2,directed,cross_artifact_preflight,escape,newly_escaping
cross_artifact_preflight,V0069,F2,directed,cross_artifact_preflight,escape,newly_escaping
cross_artifact_preflight,V0062,F2,directed,cross_artifact_preflight,escape,newly_escaping
cross_artifact_preflight,V0061,F2,directed,cross_artifact_preflight,escape,newly_escaping
cross_artifact_preflight,V0066,F2,directed,single_artifact_validator,single_artifact_validator,other_stage_first_hit
cross_artifact_preflight,V0067,F2,directed,single_artifact_validator,single_artifact_validator,other_stage_first_hit
cross_artifact_preflight,V0063,F2,directed,cross_artifact_preflight,escape,newly_escaping
cross_artifact_preflight,V0064,F2,directed,cross_artifact_preflight,escape,newly_escaping
cross_artifact_preflight,V0109,F2,directed,schema_validation,schema_validation,other_stage_first_hit
cross_artifact_preflight,V0110,F2,directed,schema_validation,schema_validation,other_stage_first_hit
cross_artifact_preflight,V0071,F2,directed,schema_validation,schema_validation,other_stage_first_hit
cross_artifact_preflight,V0065,F2,directed,schema_validation,schema_validation,other_stage_first_hit
cross_artifact_preflight,V0118,F2,directed,approval_hash_binding,approval_hash_binding,other_stage_first_hit
cross_artifact_preflight,V0119,F2,directed,approval_hash_binding,approval_hash_binding,other_stage_first_hit
cross_artifact_preflight,V0117,F2,directed,approval_hash_binding,approval_hash_binding,other_stage_first_hit
cross_artifact_preflight,V0120,F2,directed,approval_hash_binding,approval_hash_binding,other_stage_first_hit
cross_artifact_preflight,V0116,F2,directed,approval_hash_binding,approval_hash_binding,other_stage_first_hit
cross_artifact_preflight,V0115,F2,directed,approval_hash_binding,approval_hash_binding,other_stage_first_hit
cross_artifact_preflight,V0112,F2,directed,approval_hash_binding,approval_hash_binding,other_stage_first_hit
cross_artifact_preflight,V0111,F2,directed,approval_hash_binding,approval_hash_binding,other_stage_first_hit
cross_artifact_preflight,V0114,F2,directed,approval_hash_binding,approval_hash_binding,other_stage_first_hit
cross_artifact_preflight,V0113,F2,directed,approval_hash_binding,approval_hash_binding,other_stage_first_hit
cross_artifact_preflight,V0103,F2,fuzz,schema_validation,schema_validation,other_stage_first_hit
cross_artifact_preflight,V0085,F2,fuzz,schema_validation,schema_validation,other_stage_first_hit
cross_artifact_preflight,V0072,F2,fuzz,schema_validation,schema_validation,other_stage_first_hit
cross_artifact_preflight,V0079,F2,fuzz,escape,escape,baseline_escape
cross_artifact_preflight,V0080,F2,fuzz,schema_validation,schema_validation,other_stage_first_hit
cross_artifact_preflight,V0104,F2,fuzz,schema_validation,schema_validation,other_stage_first_hit
cross_artifact_preflight,V0073,F2,fuzz,schema_validation,schema_validation,other_stage_first_hit
cross_artifact_preflight,V0093,F2,fuzz,schema_validation,schema_validation,other_stage_first_hit
cross_artifact_preflight,V0074,F2,fuzz,schema_validation,schema_validation,other_stage_first_hit
cross_artifact_preflight,V0086,F2,fuzz,schema_validation,schema_validation,other_stage_first_hit
cross_artifact_preflight,V0094,F2,fuzz,schema_validation,schema_validation,other_stage_first_hit
cross_artifact_preflight,V0095,F2,fuzz,schema_validation,schema_validation,other_stage_first_hit
cross_artifact_preflight,V0105,F2,fuzz,schema_validation,schema_validation,other_stage_first_hit
cross_artifact_preflight,V0087,F2,fuzz,schema_validation,schema_validation,other_stage_first_hit
cross_artifact_preflight,V0081,F2,fuzz,schema_validation,schema_validation,other_stage_first_hit
cross_artifact_preflight,V0106,F2,fuzz,schema_validation,schema_validation,other_stage_first_hit
cross_artifact_preflight,V0088,F2,fuzz,schema_validation,schema_validation,other_stage_first_hit
cross_artifact_preflight,V0089,F2,fuzz,schema_validation,schema_validation,other_stage_first_hit
cross_artifact_preflight,V0099,F2,fuzz,schema_validation,schema_validation,other_stage_first_hit
cross_artifact_preflight,V0096,F2,fuzz,schema_validation,schema_validation,other_stage_first_hit
cross_artifact_preflight,V0100,F2,fuzz,schema_validation,schema_validation,other_stage_first_hit
cross_artifact_preflight,V0107,F2,fuzz,schema_validation,schema_validation,other_stage_first_hit
cross_artifact_preflight,V0075,F2,fuzz,approval_hash_binding,approval_hash_binding,other_stage_first_hit
cross_artifact_preflight,V0076,F2,fuzz,schema_validation,schema_validation,other_stage_first_hit
cross_artifact_preflight,V0097,F2,fuzz,schema_validation,schema_validation,other_stage_first_hit
cross_artifact_preflight,V0082,F2,fuzz,schema_validation,schema_validation,other_stage_first_hit
cross_artifact_preflight,V0090,F2,fuzz,schema_validation,schema_validation,other_stage_first_hit
cross_artifact_preflight,V0083,F2,fuzz,schema_validation,schema_validation,other_stage_first_hit
cross_artifact_preflight,V0098,F2,fuzz,schema_validation,schema_validation,other_stage_first_hit
cross_artifact_preflight,V0091,F2,fuzz,schema_validation,schema_validation,other_stage_first_hit
cross_artifact_preflight,V0077,F2,fuzz,schema_validation,schema_validation,other_stage_first_hit
cross_artifact_preflight,V0108,F2,fuzz,schema_validation,schema_validation,other_stage_first_hit
cross_artifact_preflight,V0092,F2,fuzz,schema_validation,schema_validation,other_stage_first_hit
cross_artifact_preflight,V0084,F2,fuzz,schema_validation,schema_validation,other_stage_first_hit
cross_artifact_preflight,V0078,F2,fuzz,schema_validation,schema_validation,other_stage_first_hit
cross_artifact_preflight,V0101,F2,fuzz,schema_validation,schema_validation,other_stage_first_hit
cross_artifact_preflight,V0102,F2,fuzz,schema_validation,schema_validation,other_stage_first_hit
cross_artifact_preflight,V0121,F3,directed,approval_hash_binding,approval_hash_binding,other_stage_first_hit
cross_artifact_preflight,V0122,F3,directed,single_artifact_validator,single_artifact_validator,other_stage_first_hit
cross_artifact_preflight,V0123,F3,directed,approval_hash_binding,approval_hash_binding,other_stage_first_hit
cross_artifact_preflight,V0180,F3,directed,approval_hash_binding,approval_hash_binding,other_stage_first_hit
cross_artifact_preflight,V0127,F3,directed,schema_validation,schema_validation,other_stage_first_hit
cross_artifact_preflight,V0126,F3,directed,approval_hash_binding,approval_hash_binding,other_stage_first_hit
cross_artifact_preflight,V0125,F3,directed,approval_hash_binding,approval_hash_binding,other_stage_first_hit
cross_artifact_preflight,V0124,F3,directed,approval_hash_binding,approval_hash_binding,other_stage_first_hit
cross_artifact_preflight,V0173,F3,directed,approval_hash_binding,approval_hash_binding,other_stage_first_hit
cross_artifact_preflight,V0172,F3,directed,approval_hash_binding,approval_hash_binding,other_stage_first_hit
cross_artifact_preflight,V0171,F3,directed,approval_hash_binding,approval_hash_binding,other_stage_first_hit
cross_artifact_preflight,V0175,F3,directed,approval_hash_binding,approval_hash_binding,other_stage_first_hit
cross_artifact_preflight,V0174,F3,directed,approval_hash_binding,approval_hash_binding,other_stage_first_hit
cross_artifact_preflight,V0170,F3,directed,single_artifact_validator,single_artifact_validator,other_stage_first_hit
cross_artifact_preflight,V0179,F3,directed,orchestrator_revalidation,orchestrator_revalidation,other_stage_first_hit
cross_artifact_preflight,V0178,F3,directed,orchestrator_revalidation,orchestrator_revalidation,other_stage_first_hit
cross_artifact_preflight,V0177,F3,directed,orchestrator_revalidation,orchestrator_revalidation,other_stage_first_hit
cross_artifact_preflight,V0176,F3,directed,orchestrator_revalidation,orchestrator_revalidation,other_stage_first_hit
cross_artifact_preflight,V0160,F3,fuzz,schema_validation,schema_validation,other_stage_first_hit
cross_artifact_preflight,V0146,F3,fuzz,schema_validation,schema_validation,other_stage_first_hit
cross_artifact_preflight,V0137,F3,fuzz,schema_validation,schema_validation,other_stage_first_hit
cross_artifact_preflight,V0128,F3,fuzz,schema_validation,schema_validation,other_stage_first_hit
cross_artifact_preflight,V0147,F3,fuzz,schema_validation,schema_validation,other_stage_first_hit
cross_artifact_preflight,V0161,F3,fuzz,schema_validation,schema_validation,other_stage_first_hit
cross_artifact_preflight,V0152,F3,fuzz,escape,escape,baseline_escape
cross_artifact_preflight,V0162,F3,fuzz,schema_validation,schema_validation,other_stage_first_hit
cross_artifact_preflight,V0163,F3,fuzz,schema_validation,schema_validation,other_stage_first_hit
cross_artifact_preflight,V0129,F3,fuzz,schema_validation,schema_validation,other_stage_first_hit
cross_artifact_preflight,V0130,F3,fuzz,schema_validation,schema_validation,other_stage_first_hit
cross_artifact_preflight,V0131,F3,fuzz,schema_validation,schema_validation,other_stage_first_hit
cross_artifact_preflight,V0164,F3,fuzz,schema_validation,schema_validation,other_stage_first_hit
cross_artifact_preflight,V0148,F3,fuzz,schema_validation,schema_validation,other_stage_first_hit
cross_artifact_preflight,V0132,F3,fuzz,schema_validation,schema_validation,other_stage_first_hit
cross_artifact_preflight,V0138,F3,fuzz,schema_validation,schema_validation,other_stage_first_hit
cross_artifact_preflight,V0149,F3,fuzz,schema_validation,schema_validation,other_stage_first_hit
cross_artifact_preflight,V0133,F3,fuzz,schema_validation,schema_validation,other_stage_first_hit
cross_artifact_preflight,V0139,F3,fuzz,schema_validation,schema_validation,other_stage_first_hit
cross_artifact_preflight,V0134,F3,fuzz,schema_validation,schema_validation,other_stage_first_hit
cross_artifact_preflight,V0135,F3,fuzz,schema_validation,schema_validation,other_stage_first_hit
cross_artifact_preflight,V0140,F3,fuzz,schema_validation,schema_validation,other_stage_first_hit
cross_artifact_preflight,V0141,F3,fuzz,schema_validation,schema_validation,other_stage_first_hit
cross_artifact_preflight,V0142,F3,fuzz,schema_validation,schema_validation,other_stage_first_hit
cross_artifact_preflight,V0143,F3,fuzz,schema_validation,schema_validation,other_stage_first_hit
cross_artifact_preflight,V0165,F3,fuzz,schema_validation,schema_validation,other_stage_first_hit
cross_artifact_preflight,V0144,F3,fuzz,schema_validation,schema_validation,other_stage_first_hit
cross_artifact_preflight,V0155,F3,fuzz,schema_validation,schema_validation,other_stage_first_hit
cross_artifact_preflight,V0156,F3,fuzz,schema_validation,schema_validation,other_stage_first_hit
cross_artifact_preflight,V0153,F3,fuzz,escape,escape,baseline_escape
cross_artifact_preflight,V0150,F3,fuzz,schema_validation,schema_validation,other_stage_first_hit
cross_artifact_preflight,V0157,F3,fuzz,schema_validation,schema_validation,other_stage_first_hit
cross_artifact_preflight,V0166,F3,fuzz,schema_validation,schema_validation,other_stage_first_hit
cross_artifact_preflight,V0167,F3,fuzz,schema_validation,schema_validation,other_stage_first_hit
cross_artifact_preflight,V0168,F3,fuzz,schema_validation,schema_validation,other_stage_first_hit
cross_artifact_preflight,V0158,F3,fuzz,schema_validation,schema_validation,other_stage_first_hit
cross_artifact_preflight,V0145,F3,fuzz,schema_validation,schema_validation,other_stage_first_hit
cross_artifact_preflight,V0136,F3,fuzz,schema_validation,schema_validation,other_stage_first_hit
cross_artifact_preflight,V0169,F3,fuzz,schema_validation,schema_validation,other_stage_first_hit
cross_artifact_preflight,V0154,F3,fuzz,schema_validation,schema_validation,other_stage_first_hit
cross_artifact_preflight,V0159,F3,fuzz,schema_validation,schema_validation,other_stage_first_hit
cross_artifact_preflight,V0151,F3,fuzz,schema_validation,schema_validation,other_stage_first_hit
cross_artifact_preflight,V0239,F4,directed,cross_artifact_preflight,escape,newly_escaping
cross_artifact_preflight,V0238,F4,directed,cross_artifact_preflight,escape,newly_escaping
cross_artifact_preflight,V0230,F4,directed,single_artifact_validator,single_artifact_validator,other_stage_first_hit
cross_artifact_preflight,V0228,F4,directed,single_artifact_validator,single_artifact_validator,other_stage_first_hit
cross_artifact_preflight,V0229,F4,directed,cross_artifact_preflight,escape,newly_escaping
cross_artifact_preflight,V0232,F4,directed,single_artifact_validator,single_artifact_validator,other_stage_first_hit
cross_artifact_preflight,V0231,F4,directed,single_artifact_validator,single_artifact_validator,other_stage_first_hit
cross_artifact_preflight,V0235,F4,directed,cross_artifact_preflight,escape,newly_escaping
cross_artifact_preflight,V0226,F4,directed,schema_validation,schema_validation,other_stage_first_hit
cross_artifact_preflight,V0237,F4,directed,schema_validation,schema_validation,other_stage_first_hit
cross_artifact_preflight,V0234,F4,directed,schema_validation,schema_validation,other_stage_first_hit
cross_artifact_preflight,V0233,F4,directed,single_artifact_validator,single_artifact_validator,other_stage_first_hit
cross_artifact_preflight,V0225,F4,directed,schema_validation,schema_validation,other_stage_first_hit
cross_artifact_preflight,V0240,F4,directed,schema_validation,schema_validation,other_stage_first_hit
cross_artifact_preflight,V0236,F4,directed,schema_validation,schema_validation,other_stage_first_hit
cross_artifact_preflight,V0227,F4,directed,single_artifact_validator,single_artifact_validator,other_stage_first_hit
cross_artifact_preflight,V0205,F4,fuzz,schema_validation,schema_validation,other_stage_first_hit
cross_artifact_preflight,V0206,F4,fuzz,schema_validation,schema_validation,other_stage_first_hit
cross_artifact_preflight,V0207,F4,fuzz,schema_validation,schema_validation,other_stage_first_hit
cross_artifact_preflight,V0181,F4,fuzz,schema_validation,schema_validation,other_stage_first_hit
cross_artifact_preflight,V0182,F4,fuzz,schema_validation,schema_validation,other_stage_first_hit
cross_artifact_preflight,V0200,F4,fuzz,schema_validation,schema_validation,other_stage_first_hit
cross_artifact_preflight,V0201,F4,fuzz,schema_validation,schema_validation,other_stage_first_hit
cross_artifact_preflight,V0208,F4,fuzz,schema_validation,schema_validation,other_stage_first_hit
cross_artifact_preflight,V0214,F4,fuzz,schema_validation,schema_validation,other_stage_first_hit
cross_artifact_preflight,V0183,F4,fuzz,schema_validation,schema_validation,other_stage_first_hit
cross_artifact_preflight,V0202,F4,fuzz,schema_validation,schema_validation,other_stage_first_hit
cross_artifact_preflight,V0215,F4,fuzz,schema_validation,schema_validation,other_stage_first_hit
cross_artifact_preflight,V0216,F4,fuzz,schema_validation,schema_validation,other_stage_first_hit
cross_artifact_preflight,V0203,F4,fuzz,schema_validation,schema_validation,other_stage_first_hit
cross_artifact_preflight,V0189,F4,fuzz,schema_validation,schema_validation,other_stage_first_hit
cross_artifact_preflight,V0184,F4,fuzz,schema_validation,schema_validation,other_stage_first_hit
cross_artifact_preflight,V0185,F4,fuzz,schema_validation,schema_validation,other_stage_first_hit
cross_artifact_preflight,V0217,F4,fuzz,schema_validation,schema_validation,other_stage_first_hit
cross_artifact_preflight,V0195,F4,fuzz,schema_validation,schema_validation,other_stage_first_hit
cross_artifact_preflight,V0190,F4,fuzz,schema_validation,schema_validation,other_stage_first_hit
cross_artifact_preflight,V0186,F4,fuzz,schema_validation,schema_validation,other_stage_first_hit
cross_artifact_preflight,V0196,F4,fuzz,approval_hash_binding,approval_hash_binding,other_stage_first_hit
cross_artifact_preflight,V0218,F4,fuzz,schema_validation,schema_validation,other_stage_first_hit
cross_artifact_preflight,V0209,F4,fuzz,schema_validation,schema_validation,other_stage_first_hit
cross_artifact_preflight,V0191,F4,fuzz,schema_validation,schema_validation,other_stage_first_hit
cross_artifact_preflight,V0187,F4,fuzz,schema_validation,schema_validation,other_stage_first_hit
cross_artifact_preflight,V0192,F4,fuzz,cross_artifact_preflight,escape,newly_escaping
cross_artifact_preflight,V0219,F4,fuzz,schema_validation,schema_validation,other_stage_first_hit
cross_artifact_preflight,V0193,F4,fuzz,schema_validation,schema_validation,other_stage_first_hit
cross_artifact_preflight,V0188,F4,fuzz,schema_validation,schema_validation,other_stage_first_hit
cross_artifact_preflight,V0220,F4,fuzz,schema_validation,schema_validation,other_stage_first_hit
cross_artifact_preflight,V0210,F4,fuzz,schema_validation,schema_validation,other_stage_first_hit
cross_artifact_preflight,V0221,F4,fuzz,schema_validation,schema_validation,other_stage_first_hit
cross_artifact_preflight,V0211,F4,fuzz,schema_validation,schema_validation,other_stage_first_hit
cross_artifact_preflight,V0197,F4,fuzz,schema_validation,schema_validation,other_stage_first_hit
cross_artifact_preflight,V0198,F4,fuzz,schema_validation,schema_validation,other_stage_first_hit
cross_artifact_preflight,V0212,F4,fuzz,schema_validation,schema_validation,other_stage_first_hit
cross_artifact_preflight,V0222,F4,fuzz,schema_validation,schema_validation,other_stage_first_hit
cross_artifact_preflight,V0194,F4,fuzz,schema_validation,schema_validation,other_stage_first_hit
cross_artifact_preflight,V0213,F4,fuzz,schema_validation,schema_validation,other_stage_first_hit
cross_artifact_preflight,V0199,F4,fuzz,schema_validation,schema_validation,other_stage_first_hit
cross_artifact_preflight,V0223,F4,fuzz,schema_validation,schema_validation,other_stage_first_hit
cross_artifact_preflight,V0224,F4,fuzz,schema_validation,schema_validation,other_stage_first_hit
cross_artifact_preflight,V0204,F4,fuzz,schema_validation,schema_validation,other_stage_first_hit
cross_artifact_preflight,V0243,F5,directed,schema_validation,schema_validation,other_stage_first_hit
cross_artifact_preflight,V0241,F5,directed,schema_validation,schema_validation,other_stage_first_hit
cross_artifact_preflight,V0244,F5,directed,schema_validation,schema_validation,other_stage_first_hit
cross_artifact_preflight,V0242,F5,directed,schema_validation,schema_validation,other_stage_first_hit
cross_artifact_preflight,V0247,F5,directed,schema_validation,schema_validation,other_stage_first_hit
cross_artifact_preflight,V0245,F5,directed,schema_validation,schema_validation,other_stage_first_hit
cross_artifact_preflight,V0248,F5,directed,schema_validation,schema_validation,other_stage_first_hit
cross_artifact_preflight,V0246,F5,directed,schema_validation,schema_validation,other_stage_first_hit
cross_artifact_preflight,V0297,F5,directed,schema_validation,schema_validation,other_stage_first_hit
cross_artifact_preflight,V0295,F5,directed,schema_validation,schema_validation,other_stage_first_hit
cross_artifact_preflight,V0298,F5,directed,schema_validation,schema_validation,other_stage_first_hit
cross_artifact_preflight,V0296,F5,directed,schema_validation,schema_validation,other_stage_first_hit
cross_artifact_preflight,V0293,F5,directed,schema_validation,schema_validation,other_stage_first_hit
cross_artifact_preflight,V0291,F5,directed,schema_validation,schema_validation,other_stage_first_hit
cross_artifact_preflight,V0294,F5,directed,schema_validation,schema_validation,other_stage_first_hit
cross_artifact_preflight,V0292,F5,directed,schema_validation,schema_validation,other_stage_first_hit
cross_artifact_preflight,V0250,F5,directed,cross_artifact_preflight,escape,newly_escaping
cross_artifact_preflight,V0299,F5,directed,cross_artifact_preflight,escape,newly_escaping
cross_artifact_preflight,V0300,F5,directed,single_artifact_validator,single_artifact_validator,other_stage_first_hit
cross_artifact_preflight,V0249,F5,directed,schema_validation,schema_validation,other_stage_first_hit
cross_artifact_preflight,V0254,F5,fuzz,schema_validation,schema_validation,other_stage_first_hit
cross_artifact_preflight,V0273,F5,fuzz,schema_validation,schema_validation,other_stage_first_hit
cross_artifact_preflight,V0274,F5,fuzz,schema_validation,schema_validation,other_stage_first_hit
cross_artifact_preflight,V0265,F5,fuzz,escape,escape,baseline_escape
cross_artifact_preflight,V0266,F5,fuzz,escape,escape,baseline_escape
cross_artifact_preflight,V0281,F5,fuzz,schema_validation,schema_validation,other_stage_first_hit
cross_artifact_preflight,V0282,F5,fuzz,schema_validation,schema_validation,other_stage_first_hit
cross_artifact_preflight,V0283,F5,fuzz,schema_validation,schema_validation,other_stage_first_hit
cross_artifact_preflight,V0284,F5,fuzz,schema_validation,schema_validation,other_stage_first_hit
cross_artifact_preflight,V0260,F5,fuzz,schema_validation,schema_validation,other_stage_first_hit
cross_artifact_preflight,V0255,F5,fuzz,schema_validation,schema_validation,other_stage_first_hit
cross_artifact_preflight,V0285,F5,fuzz,schema_validation,schema_validation,other_stage_first_hit
cross_artifact_preflight,V0269,F5,fuzz,schema_validation,schema_validation,other_stage_first_hit
cross_artifact_preflight,V0256,F5,fuzz,schema_validation,schema_validation,other_stage_first_hit
cross_artifact_preflight,V0257,F5,fuzz,schema_validation,schema_validation,other_stage_first_hit
cross_artifact_preflight,V0286,F5,fuzz,schema_validation,schema_validation,other_stage_first_hit
cross_artifact_preflight,V0267,F5,fuzz,escape,escape,baseline_escape
cross_artifact_preflight,V0275,F5,fuzz,schema_validation,schema_validation,other_stage_first_hit
cross_artifact_preflight,V0261,F5,fuzz,schema_validation,schema_validation,other_stage_first_hit
cross_artifact_preflight,V0287,F5,fuzz,schema_validation,schema_validation,other_stage_first_hit
cross_artifact_preflight,V0262,F5,fuzz,approval_hash_binding,approval_hash_binding,other_stage_first_hit
cross_artifact_preflight,V0276,F5,fuzz,schema_validation,schema_validation,other_stage_first_hit
cross_artifact_preflight,V0263,F5,fuzz,schema_validation,schema_validation,other_stage_first_hit
cross_artifact_preflight,V0277,F5,fuzz,schema_validation,schema_validation,other_stage_first_hit
cross_artifact_preflight,V0270,F5,fuzz,schema_validation,schema_validation,other_stage_first_hit
cross_artifact_preflight,V0251,F5,fuzz,schema_validation,schema_validation,other_stage_first_hit
cross_artifact_preflight,V0258,F5,fuzz,escape,escape,baseline_escape
cross_artifact_preflight,V0252,F5,fuzz,schema_validation,schema_validation,other_stage_first_hit
cross_artifact_preflight,V0288,F5,fuzz,schema_validation,schema_validation,other_stage_first_hit
cross_artifact_preflight,V0278,F5,fuzz,approval_hash_binding,approval_hash_binding,other_stage_first_hit
cross_artifact_preflight,V0271,F5,fuzz,schema_validation,schema_validation,other_stage_first_hit
cross_artifact_preflight,V0289,F5,fuzz,schema_validation,schema_validation,other_stage_first_hit
cross_artifact_preflight,V0279,F5,fuzz,schema_validation,schema_validation,other_stage_first_hit
cross_artifact_preflight,V0264,F5,fuzz,schema_validation,schema_validation,other_stage_first_hit
cross_artifact_preflight,V0253,F5,fuzz,schema_validation,schema_validation,other_stage_first_hit
cross_artifact_preflight,V0259,F5,fuzz,schema_validation,schema_validation,other_stage_first_hit
cross_artifact_preflight,V0290,F5,fuzz,schema_validation,schema_validation,other_stage_first_hit
cross_artifact_preflight,V0272,F5,fuzz,schema_validation,schema_validation,other_stage_first_hit
cross_artifact_preflight,V0268,F5,fuzz,escape,escape,baseline_escape
cross_artifact_preflight,V0280,F5,fuzz,schema_validation,schema_validation,other_stage_first_hit
cross_artifact_preflight,V0311,F6,directed,single_artifact_validator,single_artifact_validator,other_stage_first_hit
cross_artifact_preflight,V0309,F6,directed,single_artifact_validator,single_artifact_validator,other_stage_first_hit
cross_artifact_preflight,V0310,F6,directed,single_artifact_validator,single_artifact_validator,other_stage_first_hit
cross_artifact_preflight,V0308,F6,directed,single_artifact_validator,single_artifact_validator,other_stage_first_hit
cross_artifact_preflight,V0312,F6,directed,cross_artifact_preflight,escape,newly_escaping
cross_artifact_preflight,V0313,F6,directed,single_artifact_validator,single_artifact_validator,other_stage_first_hit
cross_artifact_preflight,V0321,F6,directed,cross_artifact_preflight,escape,newly_escaping
cross_artifact_preflight,V0320,F6,directed,cross_artifact_preflight,escape,newly_escaping
cross_artifact_preflight,V0319,F6,directed,cross_artifact_preflight,escape,newly_escaping
cross_artifact_preflight,V0359,F6,directed,schema_validation,schema_validation,other_stage_first_hit
cross_artifact_preflight,V0360,F6,directed,schema_validation,schema_validation,other_stage_first_hit
cross_artifact_preflight,V0358,F6,directed,schema_validation,schema_validation,other_stage_first_hit
cross_artifact_preflight,V0318,F6,directed,schema_validation,schema_validation,other_stage_first_hit
cross_artifact_preflight,V0317,F6,directed,schema_validation,schema_validation,other_stage_first_hit
cross_artifact_preflight,V0314,F6,directed,schema_validation,schema_validation,other_stage_first_hit
cross_artifact_preflight,V0315,F6,directed,schema_validation,schema_validation,other_stage_first_hit
cross_artifact_preflight,V0316,F6,directed,schema_validation,schema_validation,other_stage_first_hit
cross_artifact_preflight,V0305,F6,directed,schema_validation,schema_validation,other_stage_first_hit
cross_artifact_preflight,V0301,F6,directed,schema_validation,schema_validation,other_stage_first_hit
cross_artifact_preflight,V0304,F6,directed,schema_validation,schema_validation,other_stage_first_hit
cross_artifact_preflight,V0306,F6,directed,schema_validation,schema_validation,other_stage_first_hit
cross_artifact_preflight,V0307,F6,directed,schema_validation,schema_validation,other_stage_first_hit
cross_artifact_preflight,V0302,F6,directed,schema_validation,schema_validation,other_stage_first_hit
cross_artifact_preflight,V0303,F6,directed,schema_validation,schema_validation,other_stage_first_hit
cross_artifact_preflight,V0338,F6,fuzz,escape,escape,baseline_escape
cross_artifact_preflight,V0339,F6,fuzz,escape,escape,baseline_escape
cross_artifact_preflight,V0344,F6,fuzz,schema_validation,schema_validation,other_stage_first_hit
cross_artifact_preflight,V0348,F6,fuzz,schema_validation,schema_validation,other_stage_first_hit
cross_artifact_preflight,V0322,F6,fuzz,schema_validation,schema_validation,other_stage_first_hit
cross_artifact_preflight,V0323,F6,fuzz,schema_validation,schema_validation,other_stage_first_hit
cross_artifact_preflight,V0324,F6,fuzz,schema_validation,schema_validation,other_stage_first_hit
cross_artifact_preflight,V0325,F6,fuzz,schema_validation,schema_validation,other_stage_first_hit
cross_artifact_preflight,V0340,F6,fuzz,escape,escape,baseline_escape
cross_artifact_preflight,V0349,F6,fuzz,schema_validation,schema_validation,other_stage_first_hit
cross_artifact_preflight,V0328,F6,fuzz,schema_validation,schema_validation,other_stage_first_hit
cross_artifact_preflight,V0353,F6,fuzz,schema_validation,schema_validation,other_stage_first_hit
cross_artifact_preflight,V0335,F6,fuzz,schema_validation,schema_validation,other_stage_first_hit
cross_artifact_preflight,V0329,F6,fuzz,schema_validation,schema_validation,other_stage_first_hit
cross_artifact_preflight,V0341,F6,fuzz,escape,escape,baseline_escape
cross_artifact_preflight,V0350,F6,fuzz,schema_validation,schema_validation,other_stage_first_hit
cross_artifact_preflight,V0326,F6,fuzz,schema_validation,schema_validation,other_stage_first_hit
cross_artifact_preflight,V0330,F6,fuzz,schema_validation,schema_validation,other_stage_first_hit
cross_artifact_preflight,V0327,F6,fuzz,schema_validation,schema_validation,other_stage_first_hit
cross_artifact_preflight,V0351,F6,fuzz,schema_validation,schema_validation,other_stage_first_hit
cross_artifact_preflight,V0354,F6,fuzz,schema_validation,schema_validation,other_stage_first_hit
cross_artifact_preflight,V0331,F6,fuzz,schema_validation,schema_validation,other_stage_first_hit
cross_artifact_preflight,V0332,F6,fuzz,schema_validation,schema_validation,other_stage_first_hit
cross_artifact_preflight,V0333,F6,fuzz,schema_validation,schema_validation,other_stage_first_hit
cross_artifact_preflight,V0345,F6,fuzz,schema_validation,schema_validation,other_stage_first_hit
cross_artifact_preflight,V0352,F6,fuzz,schema_validation,schema_validation,other_stage_first_hit
cross_artifact_preflight,V0342,F6,fuzz,escape,escape,baseline_escape
cross_artifact_preflight,V0355,F6,fuzz,schema_validation,schema_validation,other_stage_first_hit
cross_artifact_preflight,V0343,F6,fuzz,escape,escape,baseline_escape
cross_artifact_preflight,V0334,F6,fuzz,schema_validation,schema_validation,other_stage_first_hit
cross_artifact_preflight,V0346,F6,fuzz,schema_validation,schema_validation,other_stage_first_hit
cross_artifact_preflight,V0356,F6,fuzz,schema_validation,schema_validation,other_stage_first_hit
cross_artifact_preflight,V0347,F6,fuzz,schema_validation,schema_validation,other_stage_first_hit
cross_artifact_preflight,V0336,F6,fuzz,schema_validation,schema_validation,other_stage_first_hit
cross_artifact_preflight,V0337,F6,fuzz,schema_validation,schema_validation,other_stage_first_hit
cross_artifact_preflight,V0357,F6,fuzz,schema_validation,schema_validation,other_stage_first_hit
cross_artifact_preflight,V0364,F7,directed,orchestrator_revalidation,orchestrator_revalidation,other_stage_first_hit
cross_artifact_preflight,V0362,F7,directed,orchestrator_revalidation,orchestrator_revalidation,other_stage_first_hit
cross_artifact_preflight,V0363,F7,directed,orchestrator_revalidation,orchestrator_revalidation,other_stage_first_hit
cross_artifact_preflight,V0365,F7,directed,orchestrator_revalidation,orchestrator_revalidation,other_stage_first_hit
cross_artifact_preflight,V0361,F7,directed,orchestrator_revalidation,orchestrator_revalidation,other_stage_first_hit
orchestrator_revalidation,V0047,F1,directed,schema_validation,schema_validation,other_stage_first_hit
orchestrator_revalidation,V0050,F1,directed,schema_validation,schema_validation,other_stage_first_hit
orchestrator_revalidation,V0046,F1,directed,schema_validation,schema_validation,other_stage_first_hit
orchestrator_revalidation,V0049,F1,directed,schema_validation,schema_validation,other_stage_first_hit
orchestrator_revalidation,V0048,F1,directed,single_artifact_validator,single_artifact_validator,other_stage_first_hit
orchestrator_revalidation,V0052,F1,directed,approval_hash_binding,approval_hash_binding,other_stage_first_hit
orchestrator_revalidation,V0045,F1,directed,approval_hash_binding,approval_hash_binding,other_stage_first_hit
orchestrator_revalidation,V0051,F1,directed,approval_hash_binding,approval_hash_binding,other_stage_first_hit
orchestrator_revalidation,V0055,F1,directed,schema_validation,schema_validation,other_stage_first_hit
orchestrator_revalidation,V0058,F1,directed,schema_validation,schema_validation,other_stage_first_hit
orchestrator_revalidation,V0054,F1,directed,schema_validation,schema_validation,other_stage_first_hit
orchestrator_revalidation,V0057,F1,directed,schema_validation,schema_validation,other_stage_first_hit
orchestrator_revalidation,V0056,F1,directed,single_artifact_validator,single_artifact_validator,other_stage_first_hit
orchestrator_revalidation,V0060,F1,directed,approval_hash_binding,approval_hash_binding,other_stage_first_hit
orchestrator_revalidation,V0053,F1,directed,approval_hash_binding,approval_hash_binding,other_stage_first_hit
orchestrator_revalidation,V0059,F1,directed,approval_hash_binding,approval_hash_binding,other_stage_first_hit
orchestrator_revalidation,V0039,F1,directed,schema_validation,schema_validation,other_stage_first_hit
orchestrator_revalidation,V0042,F1,directed,schema_validation,schema_validation,other_stage_first_hit
orchestrator_revalidation,V0038,F1,directed,schema_validation,schema_validation,other_stage_first_hit
orchestrator_revalidation,V0041,F1,directed,schema_validation,schema_validation,other_stage_first_hit
orchestrator_revalidation,V0040,F1,directed,single_artifact_validator,single_artifact_validator,other_stage_first_hit
orchestrator_revalidation,V0036,F1,directed,approval_hash_binding,approval_hash_binding,other_stage_first_hit
orchestrator_revalidation,V0037,F1,directed,approval_hash_binding,approval_hash_binding,other_stage_first_hit
orchestrator_revalidation,V0044,F1,directed,approval_hash_binding,approval_hash_binding,other_stage_first_hit
orchestrator_revalidation,V0035,F1,directed,approval_hash_binding,approval_hash_binding,other_stage_first_hit
orchestrator_revalidation,V0043,F1,directed,approval_hash_binding,approval_hash_binding,other_stage_first_hit
orchestrator_revalidation,V0009,F1,directed,schema_validation,schema_validation,other_stage_first_hit
orchestrator_revalidation,V0012,F1,directed,schema_validation,schema_validation,other_stage_first_hit
orchestrator_revalidation,V0008,F1,directed,schema_validation,schema_validation,other_stage_first_hit
orchestrator_revalidation,V0011,F1,directed,schema_validation,schema_validation,other_stage_first_hit
orchestrator_revalidation,V0010,F1,directed,single_artifact_validator,single_artifact_validator,other_stage_first_hit
orchestrator_revalidation,V0006,F1,directed,escape,escape,baseline_escape
orchestrator_revalidation,V0007,F1,directed,escape,escape,baseline_escape
orchestrator_revalidation,V0014,F1,directed,escape,escape,baseline_escape
orchestrator_revalidation,V0005,F1,directed,escape,escape,baseline_escape
orchestrator_revalidation,V0013,F1,directed,escape,escape,baseline_escape
orchestrator_revalidation,V0002,F1,directed,schema_validation,schema_validation,other_stage_first_hit
orchestrator_revalidation,V0004,F1,directed,schema_validation,schema_validation,other_stage_first_hit
orchestrator_revalidation,V0001,F1,directed,schema_validation,schema_validation,other_stage_first_hit
orchestrator_revalidation,V0003,F1,directed,schema_validation,schema_validation,other_stage_first_hit
orchestrator_revalidation,V0031,F1,fuzz,schema_validation,schema_validation,other_stage_first_hit
orchestrator_revalidation,V0026,F1,fuzz,schema_validation,schema_validation,other_stage_first_hit
orchestrator_revalidation,V0019,F1,fuzz,schema_validation,schema_validation,other_stage_first_hit
orchestrator_revalidation,V0015,F1,fuzz,schema_validation,schema_validation,other_stage_first_hit
orchestrator_revalidation,V0032,F1,fuzz,schema_validation,schema_validation,other_stage_first_hit
orchestrator_revalidation,V0033,F1,fuzz,schema_validation,schema_validation,other_stage_first_hit
orchestrator_revalidation,V0020,F1,fuzz,schema_validation,schema_validation,other_stage_first_hit
orchestrator_revalidation,V0021,F1,fuzz,schema_validation,schema_validation,other_stage_first_hit
orchestrator_revalidation,V0016,F1,fuzz,schema_validation,schema_validation,other_stage_first_hit
orchestrator_revalidation,V0027,F1,fuzz,schema_validation,schema_validation,other_stage_first_hit
orchestrator_revalidation,V0028,F1,fuzz,schema_validation,schema_validation,other_stage_first_hit
orchestrator_revalidation,V0017,F1,fuzz,schema_validation,schema_validation,other_stage_first_hit
orchestrator_revalidation,V0029,F1,fuzz,schema_validation,schema_validation,other_stage_first_hit
orchestrator_revalidation,V0024,F1,fuzz,escape,escape,baseline_escape
orchestrator_revalidation,V0022,F1,fuzz,schema_validation,schema_validation,other_stage_first_hit
orchestrator_revalidation,V0030,F1,fuzz,schema_validation,schema_validation,other_stage_first_hit
orchestrator_revalidation,V0023,F1,fuzz,schema_validation,schema_validation,other_stage_first_hit
orchestrator_revalidation,V0018,F1,fuzz,schema_validation,schema_validation,other_stage_first_hit
orchestrator_revalidation,V0034,F1,fuzz,schema_validation,schema_validation,other_stage_first_hit
orchestrator_revalidation,V0025,F1,fuzz,escape,escape,baseline_escape
orchestrator_revalidation,V0068,F2,directed,cross_artifact_preflight,cross_artifact_preflight,other_stage_first_hit
orchestrator_revalidation,V0070,F2,directed,cross_artifact_preflight,cross_artifact_preflight,other_stage_first_hit
orchestrator_revalidation,V0069,F2,directed,cross_artifact_preflight,cross_artifact_preflight,other_stage_first_hit
orchestrator_revalidation,V0062,F2,directed,cross_artifact_preflight,cross_artifact_preflight,other_stage_first_hit
orchestrator_revalidation,V0061,F2,directed,cross_artifact_preflight,cross_artifact_preflight,other_stage_first_hit
orchestrator_revalidation,V0066,F2,directed,single_artifact_validator,single_artifact_validator,other_stage_first_hit
orchestrator_revalidation,V0067,F2,directed,single_artifact_validator,single_artifact_validator,other_stage_first_hit
orchestrator_revalidation,V0063,F2,directed,cross_artifact_preflight,cross_artifact_preflight,other_stage_first_hit
orchestrator_revalidation,V0064,F2,directed,cross_artifact_preflight,cross_artifact_preflight,other_stage_first_hit
orchestrator_revalidation,V0109,F2,directed,schema_validation,schema_validation,other_stage_first_hit
orchestrator_revalidation,V0110,F2,directed,schema_validation,schema_validation,other_stage_first_hit
orchestrator_revalidation,V0071,F2,directed,schema_validation,schema_validation,other_stage_first_hit
orchestrator_revalidation,V0065,F2,directed,schema_validation,schema_validation,other_stage_first_hit
orchestrator_revalidation,V0118,F2,directed,approval_hash_binding,approval_hash_binding,other_stage_first_hit
orchestrator_revalidation,V0119,F2,directed,approval_hash_binding,approval_hash_binding,other_stage_first_hit
orchestrator_revalidation,V0117,F2,directed,approval_hash_binding,approval_hash_binding,other_stage_first_hit
orchestrator_revalidation,V0120,F2,directed,approval_hash_binding,approval_hash_binding,other_stage_first_hit
orchestrator_revalidation,V0116,F2,directed,approval_hash_binding,approval_hash_binding,other_stage_first_hit
orchestrator_revalidation,V0115,F2,directed,approval_hash_binding,approval_hash_binding,other_stage_first_hit
orchestrator_revalidation,V0112,F2,directed,approval_hash_binding,approval_hash_binding,other_stage_first_hit
orchestrator_revalidation,V0111,F2,directed,approval_hash_binding,approval_hash_binding,other_stage_first_hit
orchestrator_revalidation,V0114,F2,directed,approval_hash_binding,approval_hash_binding,other_stage_first_hit
orchestrator_revalidation,V0113,F2,directed,approval_hash_binding,approval_hash_binding,other_stage_first_hit
orchestrator_revalidation,V0103,F2,fuzz,schema_validation,schema_validation,other_stage_first_hit
orchestrator_revalidation,V0085,F2,fuzz,schema_validation,schema_validation,other_stage_first_hit
orchestrator_revalidation,V0072,F2,fuzz,schema_validation,schema_validation,other_stage_first_hit
orchestrator_revalidation,V0079,F2,fuzz,escape,escape,baseline_escape
orchestrator_revalidation,V0080,F2,fuzz,schema_validation,schema_validation,other_stage_first_hit
orchestrator_revalidation,V0104,F2,fuzz,schema_validation,schema_validation,other_stage_first_hit
orchestrator_revalidation,V0073,F2,fuzz,schema_validation,schema_validation,other_stage_first_hit
orchestrator_revalidation,V0093,F2,fuzz,schema_validation,schema_validation,other_stage_first_hit
orchestrator_revalidation,V0074,F2,fuzz,schema_validation,schema_validation,other_stage_first_hit
orchestrator_revalidation,V0086,F2,fuzz,schema_validation,schema_validation,other_stage_first_hit
orchestrator_revalidation,V0094,F2,fuzz,schema_validation,schema_validation,other_stage_first_hit
orchestrator_revalidation,V0095,F2,fuzz,schema_validation,schema_validation,other_stage_first_hit
orchestrator_revalidation,V0105,F2,fuzz,schema_validation,schema_validation,other_stage_first_hit
orchestrator_revalidation,V0087,F2,fuzz,schema_validation,schema_validation,other_stage_first_hit
orchestrator_revalidation,V0081,F2,fuzz,schema_validation,schema_validation,other_stage_first_hit
orchestrator_revalidation,V0106,F2,fuzz,schema_validation,schema_validation,other_stage_first_hit
orchestrator_revalidation,V0088,F2,fuzz,schema_validation,schema_validation,other_stage_first_hit
orchestrator_revalidation,V0089,F2,fuzz,schema_validation,schema_validation,other_stage_first_hit
orchestrator_revalidation,V0099,F2,fuzz,schema_validation,schema_validation,other_stage_first_hit
orchestrator_revalidation,V0096,F2,fuzz,schema_validation,schema_validation,other_stage_first_hit
orchestrator_revalidation,V0100,F2,fuzz,schema_validation,schema_validation,other_stage_first_hit
orchestrator_revalidation,V0107,F2,fuzz,schema_validation,schema_validation,other_stage_first_hit
orchestrator_revalidation,V0075,F2,fuzz,approval_hash_binding,approval_hash_binding,other_stage_first_hit
orchestrator_revalidation,V0076,F2,fuzz,schema_validation,schema_validation,other_stage_first_hit
orchestrator_revalidation,V0097,F2,fuzz,schema_validation,schema_validation,other_stage_first_hit
orchestrator_revalidation,V0082,F2,fuzz,schema_validation,schema_validation,other_stage_first_hit
orchestrator_revalidation,V0090,F2,fuzz,schema_validation,schema_validation,other_stage_first_hit
orchestrator_revalidation,V0083,F2,fuzz,schema_validation,schema_validation,other_stage_first_hit
orchestrator_revalidation,V0098,F2,fuzz,schema_validation,schema_validation,other_stage_first_hit
orchestrator_revalidation,V0091,F2,fuzz,schema_validation,schema_validation,other_stage_first_hit
orchestrator_revalidation,V0077,F2,fuzz,schema_validation,schema_validation,other_stage_first_hit
orchestrator_revalidation,V0108,F2,fuzz,schema_validation,schema_validation,other_stage_first_hit
orchestrator_revalidation,V0092,F2,fuzz,schema_validation,schema_validation,other_stage_first_hit
orchestrator_revalidation,V0084,F2,fuzz,schema_validation,schema_validation,other_stage_first_hit
orchestrator_revalidation,V0078,F2,fuzz,schema_validation,schema_validation,other_stage_first_hit
orchestrator_revalidation,V0101,F2,fuzz,schema_validation,schema_validation,other_stage_first_hit
orchestrator_revalidation,V0102,F2,fuzz,schema_validation,schema_validation,other_stage_first_hit
orchestrator_revalidation,V0121,F3,directed,approval_hash_binding,approval_hash_binding,other_stage_first_hit
orchestrator_revalidation,V0122,F3,directed,single_artifact_validator,single_artifact_validator,other_stage_first_hit
orchestrator_revalidation,V0123,F3,directed,approval_hash_binding,approval_hash_binding,other_stage_first_hit
orchestrator_revalidation,V0180,F3,directed,approval_hash_binding,approval_hash_binding,other_stage_first_hit
orchestrator_revalidation,V0127,F3,directed,schema_validation,schema_validation,other_stage_first_hit
orchestrator_revalidation,V0126,F3,directed,approval_hash_binding,approval_hash_binding,other_stage_first_hit
orchestrator_revalidation,V0125,F3,directed,approval_hash_binding,approval_hash_binding,other_stage_first_hit
orchestrator_revalidation,V0124,F3,directed,approval_hash_binding,approval_hash_binding,other_stage_first_hit
orchestrator_revalidation,V0173,F3,directed,approval_hash_binding,approval_hash_binding,other_stage_first_hit
orchestrator_revalidation,V0172,F3,directed,approval_hash_binding,approval_hash_binding,other_stage_first_hit
orchestrator_revalidation,V0171,F3,directed,approval_hash_binding,approval_hash_binding,other_stage_first_hit
orchestrator_revalidation,V0175,F3,directed,approval_hash_binding,approval_hash_binding,other_stage_first_hit
orchestrator_revalidation,V0174,F3,directed,approval_hash_binding,approval_hash_binding,other_stage_first_hit
orchestrator_revalidation,V0170,F3,directed,single_artifact_validator,single_artifact_validator,other_stage_first_hit
orchestrator_revalidation,V0179,F3,directed,orchestrator_revalidation,escape,newly_escaping
orchestrator_revalidation,V0178,F3,directed,orchestrator_revalidation,escape,newly_escaping
orchestrator_revalidation,V0177,F3,directed,orchestrator_revalidation,escape,newly_escaping
orchestrator_revalidation,V0176,F3,directed,orchestrator_revalidation,escape,newly_escaping
orchestrator_revalidation,V0160,F3,fuzz,schema_validation,schema_validation,other_stage_first_hit
orchestrator_revalidation,V0146,F3,fuzz,schema_validation,schema_validation,other_stage_first_hit
orchestrator_revalidation,V0137,F3,fuzz,schema_validation,schema_validation,other_stage_first_hit
orchestrator_revalidation,V0128,F3,fuzz,schema_validation,schema_validation,other_stage_first_hit
orchestrator_revalidation,V0147,F3,fuzz,schema_validation,schema_validation,other_stage_first_hit
orchestrator_revalidation,V0161,F3,fuzz,schema_validation,schema_validation,other_stage_first_hit
orchestrator_revalidation,V0152,F3,fuzz,escape,escape,baseline_escape
orchestrator_revalidation,V0162,F3,fuzz,schema_validation,schema_validation,other_stage_first_hit
orchestrator_revalidation,V0163,F3,fuzz,schema_validation,schema_validation,other_stage_first_hit
orchestrator_revalidation,V0129,F3,fuzz,schema_validation,schema_validation,other_stage_first_hit
orchestrator_revalidation,V0130,F3,fuzz,schema_validation,schema_validation,other_stage_first_hit
orchestrator_revalidation,V0131,F3,fuzz,schema_validation,schema_validation,other_stage_first_hit
orchestrator_revalidation,V0164,F3,fuzz,schema_validation,schema_validation,other_stage_first_hit
orchestrator_revalidation,V0148,F3,fuzz,schema_validation,schema_validation,other_stage_first_hit
orchestrator_revalidation,V0132,F3,fuzz,schema_validation,schema_validation,other_stage_first_hit
orchestrator_revalidation,V0138,F3,fuzz,schema_validation,schema_validation,other_stage_first_hit
orchestrator_revalidation,V0149,F3,fuzz,schema_validation,schema_validation,other_stage_first_hit
orchestrator_revalidation,V0133,F3,fuzz,schema_validation,schema_validation,other_stage_first_hit
orchestrator_revalidation,V0139,F3,fuzz,schema_validation,schema_validation,other_stage_first_hit
orchestrator_revalidation,V0134,F3,fuzz,schema_validation,schema_validation,other_stage_first_hit
orchestrator_revalidation,V0135,F3,fuzz,schema_validation,schema_validation,other_stage_first_hit
orchestrator_revalidation,V0140,F3,fuzz,schema_validation,schema_validation,other_stage_first_hit
orchestrator_revalidation,V0141,F3,fuzz,schema_validation,schema_validation,other_stage_first_hit
orchestrator_revalidation,V0142,F3,fuzz,schema_validation,schema_validation,other_stage_first_hit
orchestrator_revalidation,V0143,F3,fuzz,schema_validation,schema_validation,other_stage_first_hit
orchestrator_revalidation,V0165,F3,fuzz,schema_validation,schema_validation,other_stage_first_hit
orchestrator_revalidation,V0144,F3,fuzz,schema_validation,schema_validation,other_stage_first_hit
orchestrator_revalidation,V0155,F3,fuzz,schema_validation,schema_validation,other_stage_first_hit
orchestrator_revalidation,V0156,F3,fuzz,schema_validation,schema_validation,other_stage_first_hit
orchestrator_revalidation,V0153,F3,fuzz,escape,escape,baseline_escape
orchestrator_revalidation,V0150,F3,fuzz,schema_validation,schema_validation,other_stage_first_hit
orchestrator_revalidation,V0157,F3,fuzz,schema_validation,schema_validation,other_stage_first_hit
orchestrator_revalidation,V0166,F3,fuzz,schema_validation,schema_validation,other_stage_first_hit
orchestrator_revalidation,V0167,F3,fuzz,schema_validation,schema_validation,other_stage_first_hit
orchestrator_revalidation,V0168,F3,fuzz,schema_validation,schema_validation,other_stage_first_hit
orchestrator_revalidation,V0158,F3,fuzz,schema_validation,schema_validation,other_stage_first_hit
orchestrator_revalidation,V0145,F3,fuzz,schema_validation,schema_validation,other_stage_first_hit
orchestrator_revalidation,V0136,F3,fuzz,schema_validation,schema_validation,other_stage_first_hit
orchestrator_revalidation,V0169,F3,fuzz,schema_validation,schema_validation,other_stage_first_hit
orchestrator_revalidation,V0154,F3,fuzz,schema_validation,schema_validation,other_stage_first_hit
orchestrator_revalidation,V0159,F3,fuzz,schema_validation,schema_validation,other_stage_first_hit
orchestrator_revalidation,V0151,F3,fuzz,schema_validation,schema_validation,other_stage_first_hit
orchestrator_revalidation,V0239,F4,directed,cross_artifact_preflight,cross_artifact_preflight,other_stage_first_hit
orchestrator_revalidation,V0238,F4,directed,cross_artifact_preflight,cross_artifact_preflight,other_stage_first_hit
orchestrator_revalidation,V0230,F4,directed,single_artifact_validator,single_artifact_validator,other_stage_first_hit
orchestrator_revalidation,V0228,F4,directed,single_artifact_validator,single_artifact_validator,other_stage_first_hit
orchestrator_revalidation,V0229,F4,directed,cross_artifact_preflight,cross_artifact_preflight,other_stage_first_hit
orchestrator_revalidation,V0232,F4,directed,single_artifact_validator,single_artifact_validator,other_stage_first_hit
orchestrator_revalidation,V0231,F4,directed,single_artifact_validator,single_artifact_validator,other_stage_first_hit
orchestrator_revalidation,V0235,F4,directed,cross_artifact_preflight,cross_artifact_preflight,other_stage_first_hit
orchestrator_revalidation,V0226,F4,directed,schema_validation,schema_validation,other_stage_first_hit
orchestrator_revalidation,V0237,F4,directed,schema_validation,schema_validation,other_stage_first_hit
orchestrator_revalidation,V0234,F4,directed,schema_validation,schema_validation,other_stage_first_hit
orchestrator_revalidation,V0233,F4,directed,single_artifact_validator,single_artifact_validator,other_stage_first_hit
orchestrator_revalidation,V0225,F4,directed,schema_validation,schema_validation,other_stage_first_hit
orchestrator_revalidation,V0240,F4,directed,schema_validation,schema_validation,other_stage_first_hit
orchestrator_revalidation,V0236,F4,directed,schema_validation,schema_validation,other_stage_first_hit
orchestrator_revalidation,V0227,F4,directed,single_artifact_validator,single_artifact_validator,other_stage_first_hit
orchestrator_revalidation,V0205,F4,fuzz,schema_validation,schema_validation,other_stage_first_hit
orchestrator_revalidation,V0206,F4,fuzz,schema_validation,schema_validation,other_stage_first_hit
orchestrator_revalidation,V0207,F4,fuzz,schema_validation,schema_validation,other_stage_first_hit
orchestrator_revalidation,V0181,F4,fuzz,schema_validation,schema_validation,other_stage_first_hit
orchestrator_revalidation,V0182,F4,fuzz,schema_validation,schema_validation,other_stage_first_hit
orchestrator_revalidation,V0200,F4,fuzz,schema_validation,schema_validation,other_stage_first_hit
orchestrator_revalidation,V0201,F4,fuzz,schema_validation,schema_validation,other_stage_first_hit
orchestrator_revalidation,V0208,F4,fuzz,schema_validation,schema_validation,other_stage_first_hit
orchestrator_revalidation,V0214,F4,fuzz,schema_validation,schema_validation,other_stage_first_hit
orchestrator_revalidation,V0183,F4,fuzz,schema_validation,schema_validation,other_stage_first_hit
orchestrator_revalidation,V0202,F4,fuzz,schema_validation,schema_validation,other_stage_first_hit
orchestrator_revalidation,V0215,F4,fuzz,schema_validation,schema_validation,other_stage_first_hit
orchestrator_revalidation,V0216,F4,fuzz,schema_validation,schema_validation,other_stage_first_hit
orchestrator_revalidation,V0203,F4,fuzz,schema_validation,schema_validation,other_stage_first_hit
orchestrator_revalidation,V0189,F4,fuzz,schema_validation,schema_validation,other_stage_first_hit
orchestrator_revalidation,V0184,F4,fuzz,schema_validation,schema_validation,other_stage_first_hit
orchestrator_revalidation,V0185,F4,fuzz,schema_validation,schema_validation,other_stage_first_hit
orchestrator_revalidation,V0217,F4,fuzz,schema_validation,schema_validation,other_stage_first_hit
orchestrator_revalidation,V0195,F4,fuzz,schema_validation,schema_validation,other_stage_first_hit
orchestrator_revalidation,V0190,F4,fuzz,schema_validation,schema_validation,other_stage_first_hit
orchestrator_revalidation,V0186,F4,fuzz,schema_validation,schema_validation,other_stage_first_hit
orchestrator_revalidation,V0196,F4,fuzz,approval_hash_binding,approval_hash_binding,other_stage_first_hit
orchestrator_revalidation,V0218,F4,fuzz,schema_validation,schema_validation,other_stage_first_hit
orchestrator_revalidation,V0209,F4,fuzz,schema_validation,schema_validation,other_stage_first_hit
orchestrator_revalidation,V0191,F4,fuzz,schema_validation,schema_validation,other_stage_first_hit
orchestrator_revalidation,V0187,F4,fuzz,schema_validation,schema_validation,other_stage_first_hit
orchestrator_revalidation,V0192,F4,fuzz,cross_artifact_preflight,cross_artifact_preflight,other_stage_first_hit
orchestrator_revalidation,V0219,F4,fuzz,schema_validation,schema_validation,other_stage_first_hit
orchestrator_revalidation,V0193,F4,fuzz,schema_validation,schema_validation,other_stage_first_hit
orchestrator_revalidation,V0188,F4,fuzz,schema_validation,schema_validation,other_stage_first_hit
orchestrator_revalidation,V0220,F4,fuzz,schema_validation,schema_validation,other_stage_first_hit
orchestrator_revalidation,V0210,F4,fuzz,schema_validation,schema_validation,other_stage_first_hit
orchestrator_revalidation,V0221,F4,fuzz,schema_validation,schema_validation,other_stage_first_hit
orchestrator_revalidation,V0211,F4,fuzz,schema_validation,schema_validation,other_stage_first_hit
orchestrator_revalidation,V0197,F4,fuzz,schema_validation,schema_validation,other_stage_first_hit
orchestrator_revalidation,V0198,F4,fuzz,schema_validation,schema_validation,other_stage_first_hit
orchestrator_revalidation,V0212,F4,fuzz,schema_validation,schema_validation,other_stage_first_hit
orchestrator_revalidation,V0222,F4,fuzz,schema_validation,schema_validation,other_stage_first_hit
orchestrator_revalidation,V0194,F4,fuzz,schema_validation,schema_validation,other_stage_first_hit
orchestrator_revalidation,V0213,F4,fuzz,schema_validation,schema_validation,other_stage_first_hit
orchestrator_revalidation,V0199,F4,fuzz,schema_validation,schema_validation,other_stage_first_hit
orchestrator_revalidation,V0223,F4,fuzz,schema_validation,schema_validation,other_stage_first_hit
orchestrator_revalidation,V0224,F4,fuzz,schema_validation,schema_validation,other_stage_first_hit
orchestrator_revalidation,V0204,F4,fuzz,schema_validation,schema_validation,other_stage_first_hit
orchestrator_revalidation,V0243,F5,directed,schema_validation,schema_validation,other_stage_first_hit
orchestrator_revalidation,V0241,F5,directed,schema_validation,schema_validation,other_stage_first_hit
orchestrator_revalidation,V0244,F5,directed,schema_validation,schema_validation,other_stage_first_hit
orchestrator_revalidation,V0242,F5,directed,schema_validation,schema_validation,other_stage_first_hit
orchestrator_revalidation,V0247,F5,directed,schema_validation,schema_validation,other_stage_first_hit
orchestrator_revalidation,V0245,F5,directed,schema_validation,schema_validation,other_stage_first_hit
orchestrator_revalidation,V0248,F5,directed,schema_validation,schema_validation,other_stage_first_hit
orchestrator_revalidation,V0246,F5,directed,schema_validation,schema_validation,other_stage_first_hit
orchestrator_revalidation,V0297,F5,directed,schema_validation,schema_validation,other_stage_first_hit
orchestrator_revalidation,V0295,F5,directed,schema_validation,schema_validation,other_stage_first_hit
orchestrator_revalidation,V0298,F5,directed,schema_validation,schema_validation,other_stage_first_hit
orchestrator_revalidation,V0296,F5,directed,schema_validation,schema_validation,other_stage_first_hit
orchestrator_revalidation,V0293,F5,directed,schema_validation,schema_validation,other_stage_first_hit
orchestrator_revalidation,V0291,F5,directed,schema_validation,schema_validation,other_stage_first_hit
orchestrator_revalidation,V0294,F5,directed,schema_validation,schema_validation,other_stage_first_hit
orchestrator_revalidation,V0292,F5,directed,schema_validation,schema_validation,other_stage_first_hit
orchestrator_revalidation,V0250,F5,directed,cross_artifact_preflight,cross_artifact_preflight,other_stage_first_hit
orchestrator_revalidation,V0299,F5,directed,cross_artifact_preflight,cross_artifact_preflight,other_stage_first_hit
orchestrator_revalidation,V0300,F5,directed,single_artifact_validator,single_artifact_validator,other_stage_first_hit
orchestrator_revalidation,V0249,F5,directed,schema_validation,schema_validation,other_stage_first_hit
orchestrator_revalidation,V0254,F5,fuzz,schema_validation,schema_validation,other_stage_first_hit
orchestrator_revalidation,V0273,F5,fuzz,schema_validation,schema_validation,other_stage_first_hit
orchestrator_revalidation,V0274,F5,fuzz,schema_validation,schema_validation,other_stage_first_hit
orchestrator_revalidation,V0265,F5,fuzz,escape,escape,baseline_escape
orchestrator_revalidation,V0266,F5,fuzz,escape,escape,baseline_escape
orchestrator_revalidation,V0281,F5,fuzz,schema_validation,schema_validation,other_stage_first_hit
orchestrator_revalidation,V0282,F5,fuzz,schema_validation,schema_validation,other_stage_first_hit
orchestrator_revalidation,V0283,F5,fuzz,schema_validation,schema_validation,other_stage_first_hit
orchestrator_revalidation,V0284,F5,fuzz,schema_validation,schema_validation,other_stage_first_hit
orchestrator_revalidation,V0260,F5,fuzz,schema_validation,schema_validation,other_stage_first_hit
orchestrator_revalidation,V0255,F5,fuzz,schema_validation,schema_validation,other_stage_first_hit
orchestrator_revalidation,V0285,F5,fuzz,schema_validation,schema_validation,other_stage_first_hit
orchestrator_revalidation,V0269,F5,fuzz,schema_validation,schema_validation,other_stage_first_hit
orchestrator_revalidation,V0256,F5,fuzz,schema_validation,schema_validation,other_stage_first_hit
orchestrator_revalidation,V0257,F5,fuzz,schema_validation,schema_validation,other_stage_first_hit
orchestrator_revalidation,V0286,F5,fuzz,schema_validation,schema_validation,other_stage_first_hit
orchestrator_revalidation,V0267,F5,fuzz,escape,escape,baseline_escape
orchestrator_revalidation,V0275,F5,fuzz,schema_validation,schema_validation,other_stage_first_hit
orchestrator_revalidation,V0261,F5,fuzz,schema_validation,schema_validation,other_stage_first_hit
orchestrator_revalidation,V0287,F5,fuzz,schema_validation,schema_validation,other_stage_first_hit
orchestrator_revalidation,V0262,F5,fuzz,approval_hash_binding,approval_hash_binding,other_stage_first_hit
orchestrator_revalidation,V0276,F5,fuzz,schema_validation,schema_validation,other_stage_first_hit
orchestrator_revalidation,V0263,F5,fuzz,schema_validation,schema_validation,other_stage_first_hit
orchestrator_revalidation,V0277,F5,fuzz,schema_validation,schema_validation,other_stage_first_hit
orchestrator_revalidation,V0270,F5,fuzz,schema_validation,schema_validation,other_stage_first_hit
orchestrator_revalidation,V0251,F5,fuzz,schema_validation,schema_validation,other_stage_first_hit
orchestrator_revalidation,V0258,F5,fuzz,escape,escape,baseline_escape
orchestrator_revalidation,V0252,F5,fuzz,schema_validation,schema_validation,other_stage_first_hit
orchestrator_revalidation,V0288,F5,fuzz,schema_validation,schema_validation,other_stage_first_hit
orchestrator_revalidation,V0278,F5,fuzz,approval_hash_binding,approval_hash_binding,other_stage_first_hit
orchestrator_revalidation,V0271,F5,fuzz,schema_validation,schema_validation,other_stage_first_hit
orchestrator_revalidation,V0289,F5,fuzz,schema_validation,schema_validation,other_stage_first_hit
orchestrator_revalidation,V0279,F5,fuzz,schema_validation,schema_validation,other_stage_first_hit
orchestrator_revalidation,V0264,F5,fuzz,schema_validation,schema_validation,other_stage_first_hit
orchestrator_revalidation,V0253,F5,fuzz,schema_validation,schema_validation,other_stage_first_hit
orchestrator_revalidation,V0259,F5,fuzz,schema_validation,schema_validation,other_stage_first_hit
orchestrator_revalidation,V0290,F5,fuzz,schema_validation,schema_validation,other_stage_first_hit
orchestrator_revalidation,V0272,F5,fuzz,schema_validation,schema_validation,other_stage_first_hit
orchestrator_revalidation,V0268,F5,fuzz,escape,escape,baseline_escape
orchestrator_revalidation,V0280,F5,fuzz,schema_validation,schema_validation,other_stage_first_hit
orchestrator_revalidation,V0311,F6,directed,single_artifact_validator,single_artifact_validator,other_stage_first_hit
orchestrator_revalidation,V0309,F6,directed,single_artifact_validator,single_artifact_validator,other_stage_first_hit
orchestrator_revalidation,V0310,F6,directed,single_artifact_validator,single_artifact_validator,other_stage_first_hit
orchestrator_revalidation,V0308,F6,directed,single_artifact_validator,single_artifact_validator,other_stage_first_hit
orchestrator_revalidation,V0312,F6,directed,cross_artifact_preflight,cross_artifact_preflight,other_stage_first_hit
orchestrator_revalidation,V0313,F6,directed,single_artifact_validator,single_artifact_validator,other_stage_first_hit
orchestrator_revalidation,V0321,F6,directed,cross_artifact_preflight,cross_artifact_preflight,other_stage_first_hit
orchestrator_revalidation,V0320,F6,directed,cross_artifact_preflight,cross_artifact_preflight,other_stage_first_hit
orchestrator_revalidation,V0319,F6,directed,cross_artifact_preflight,cross_artifact_preflight,other_stage_first_hit
orchestrator_revalidation,V0359,F6,directed,schema_validation,schema_validation,other_stage_first_hit
orchestrator_revalidation,V0360,F6,directed,schema_validation,schema_validation,other_stage_first_hit
orchestrator_revalidation,V0358,F6,directed,schema_validation,schema_validation,other_stage_first_hit
orchestrator_revalidation,V0318,F6,directed,schema_validation,schema_validation,other_stage_first_hit
orchestrator_revalidation,V0317,F6,directed,schema_validation,schema_validation,other_stage_first_hit
orchestrator_revalidation,V0314,F6,directed,schema_validation,schema_validation,other_stage_first_hit
orchestrator_revalidation,V0315,F6,directed,schema_validation,schema_validation,other_stage_first_hit
orchestrator_revalidation,V0316,F6,directed,schema_validation,schema_validation,other_stage_first_hit
orchestrator_revalidation,V0305,F6,directed,schema_validation,schema_validation,other_stage_first_hit
orchestrator_revalidation,V0301,F6,directed,schema_validation,schema_validation,other_stage_first_hit
orchestrator_revalidation,V0304,F6,directed,schema_validation,schema_validation,other_stage_first_hit
orchestrator_revalidation,V0306,F6,directed,schema_validation,schema_validation,other_stage_first_hit
orchestrator_revalidation,V0307,F6,directed,schema_validation,schema_validation,other_stage_first_hit
orchestrator_revalidation,V0302,F6,directed,schema_validation,schema_validation,other_stage_first_hit
orchestrator_revalidation,V0303,F6,directed,schema_validation,schema_validation,other_stage_first_hit
orchestrator_revalidation,V0338,F6,fuzz,escape,escape,baseline_escape
orchestrator_revalidation,V0339,F6,fuzz,escape,escape,baseline_escape
orchestrator_revalidation,V0344,F6,fuzz,schema_validation,schema_validation,other_stage_first_hit
orchestrator_revalidation,V0348,F6,fuzz,schema_validation,schema_validation,other_stage_first_hit
orchestrator_revalidation,V0322,F6,fuzz,schema_validation,schema_validation,other_stage_first_hit
orchestrator_revalidation,V0323,F6,fuzz,schema_validation,schema_validation,other_stage_first_hit
orchestrator_revalidation,V0324,F6,fuzz,schema_validation,schema_validation,other_stage_first_hit
orchestrator_revalidation,V0325,F6,fuzz,schema_validation,schema_validation,other_stage_first_hit
orchestrator_revalidation,V0340,F6,fuzz,escape,escape,baseline_escape
orchestrator_revalidation,V0349,F6,fuzz,schema_validation,schema_validation,other_stage_first_hit
orchestrator_revalidation,V0328,F6,fuzz,schema_validation,schema_validation,other_stage_first_hit
orchestrator_revalidation,V0353,F6,fuzz,schema_validation,schema_validation,other_stage_first_hit
orchestrator_revalidation,V0335,F6,fuzz,schema_validation,schema_validation,other_stage_first_hit
orchestrator_revalidation,V0329,F6,fuzz,schema_validation,schema_validation,other_stage_first_hit
orchestrator_revalidation,V0341,F6,fuzz,escape,escape,baseline_escape
orchestrator_revalidation,V0350,F6,fuzz,schema_validation,schema_validation,other_stage_first_hit
orchestrator_revalidation,V0326,F6,fuzz,schema_validation,schema_validation,other_stage_first_hit
orchestrator_revalidation,V0330,F6,fuzz,schema_validation,schema_validation,other_stage_first_hit
orchestrator_revalidation,V0327,F6,fuzz,schema_validation,schema_validation,other_stage_first_hit
orchestrator_revalidation,V0351,F6,fuzz,schema_validation,schema_validation,other_stage_first_hit
orchestrator_revalidation,V0354,F6,fuzz,schema_validation,schema_validation,other_stage_first_hit
orchestrator_revalidation,V0331,F6,fuzz,schema_validation,schema_validation,other_stage_first_hit
orchestrator_revalidation,V0332,F6,fuzz,schema_validation,schema_validation,other_stage_first_hit
orchestrator_revalidation,V0333,F6,fuzz,schema_validation,schema_validation,other_stage_first_hit
orchestrator_revalidation,V0345,F6,fuzz,schema_validation,schema_validation,other_stage_first_hit
orchestrator_revalidation,V0352,F6,fuzz,schema_validation,schema_validation,other_stage_first_hit
orchestrator_revalidation,V0342,F6,fuzz,escape,escape,baseline_escape
orchestrator_revalidation,V0355,F6,fuzz,schema_validation,schema_validation,other_stage_first_hit
orchestrator_revalidation,V0343,F6,fuzz,escape,escape,baseline_escape
orchestrator_revalidation,V0334,F6,fuzz,schema_validation,schema_validation,other_stage_first_hit
orchestrator_revalidation,V0346,F6,fuzz,schema_validation,schema_validation,other_stage_first_hit
orchestrator_revalidation,V0356,F6,fuzz,schema_validation,schema_validation,other_stage_first_hit
orchestrator_revalidation,V0347,F6,fuzz,schema_validation,schema_validation,other_stage_first_hit
orchestrator_revalidation,V0336,F6,fuzz,schema_validation,schema_validation,other_stage_first_hit
orchestrator_revalidation,V0337,F6,fuzz,schema_validation,schema_validation,other_stage_first_hit
orchestrator_revalidation,V0357,F6,fuzz,schema_validation,schema_validation,other_stage_first_hit
orchestrator_revalidation,V0364,F7,directed,orchestrator_revalidation,escape,newly_escaping
orchestrator_revalidation,V0362,F7,directed,orchestrator_revalidation,escape,newly_escaping
orchestrator_revalidation,V0363,F7,directed,orchestrator_revalidation,escape,newly_escaping
orchestrator_revalidation,V0365,F7,directed,orchestrator_revalidation,escape,newly_escaping
orchestrator_revalidation,V0361,F7,directed,orchestrator_revalidation,escape,newly_escaping
